"Date","Price","Open","High","Low","Vol.","Change %"
"2024- 12- 30","198,900","196,800","201,500","196,400","571.00K","0.61%"
"2024- 12- 27","197,700","198,700","200,500","195,500","659.08K","-1.10%"
"2024- 12- 26","199,900","202,500","203,000","197,000","639.26K","-1.28%"
"2024- 12- 24","202,500","200,500","204,000","200,500","548.38K","0.75%"
"2024- 12- 23","201,000","212,500","213,000","200,000","1.16M","-4.29%"
"2024- 12- 20","210,000","211,000","213,000","208,500","771.63K","0.24%"
"2024- 12- 19","209,500","208,500","211,500","207,500","634.10K","-1.41%"
"2024- 12- 18","212,500","209,500","215,000","209,500","658.02K","1.43%"
"2024- 12- 17","209,500","214,500","215,000","209,000","883.91K","-2.10%"
"2024- 12- 16","214,000","213,500","218,000","211,500","916.61K","1.90%"
"2024- 12- 13","210,000","209,000","212,000","205,000","1.10M","0.96%"
"2024- 12- 12","208,000","219,000","220,000","206,000","2.13M","-4.59%"
"2024- 12- 11","218,000","209,000","218,000","208,500","1.54M","4.31%"
"2024- 12- 10","209,000","204,500","209,000","203,000","897.52K","3.72%"
"2024- 12- 09","201,500","200,500","204,000","200,500","1.20M","-1.47%"
"2024- 12- 06","204,500","204,000","206,000","197,300","1.33M","0.25%"
"2024- 12- 05","204,000","204,500","208,000","203,000","1.04M","0.74%"
"2024- 12- 04","202,500","205,000","209,000","200,500","1.75M","-3.11%"
"2024- 12- 03","209,000","207,500","210,000","204,500","1.10M","2.70%"
"2024- 12- 02","203,500","208,500","210,500","203,000","1.14M","-1.45%"
"2024- 11- 29","206,500","204,500","209,000","201,500","1.20M","0.98%"
"2024- 11- 28","204,500","204,000","208,000","202,000","1.27M","0.74%"
"2024- 11- 27","203,000","196,800","205,000","196,200","2.27M","3.78%"
"2024- 11- 26","195,600","192,200","196,000","192,200","889.50K","1.24%"
"2024- 11- 25","193,200","190,100","193,200","187,400","2.31M","1.68%"
"2024- 11- 22","190,000","189,600","190,800","187,400","729.67K","0.16%"
"2024- 11- 21","189,700","192,600","192,700","188,900","881.80K","-1.76%"
"2024- 11- 20","193,100","193,500","194,000","191,300","691.47K","0.05%"
"2024- 11- 19","193,000","190,300","194,200","190,200","915.15K","1.15%"
"2024- 11- 18","190,800","191,000","191,800","189,300","705.75K","0.42%"
"2024- 11- 15","190,000","190,500","191,900","188,100","1.15M","0.80%"
"2024- 11- 14","188,500","183,800","190,500","183,000","2.17M","3.46%"
"2024- 11- 13","182,200","181,400","184,100","179,700","1.18M","0.44%"
"2024- 11- 12","181,400","175,700","182,800","175,700","1.70M","3.07%"
"2024- 11- 11","176,000","174,600","177,000","171,500","651.75K","0.80%"
"2024- 11- 08","174,600","182,600","182,800","173,700","1.22M","-2.84%"
"2024- 11- 07","179,700","175,900","179,700","174,600","670.45K","1.93%"
"2024- 11- 06","176,300","176,700","177,400","174,100","428.21K","-0.11%"
"2024- 11- 05","176,500","174,000","177,100","173,700","344.72K","0.46%"
"2024- 11- 04","175,700","170,200","175,900","170,100","695.50K","3.54%"
"2024- 11- 01","169,700","169,000","170,800","168,500","240.56K","-0.18%"
"2024- 10- 31","170,000","172,100","174,800","169,700","482.11K","-2.52%"
"2024- 10- 30","174,400","170,600","175,300","170,500","631.46K","3.07%"
"2024- 10- 29","169,200","170,400","171,800","166,700","351.04K","-0.70%"
"2024- 10- 28","170,400","167,800","170,700","167,800","318.49K","1.55%"
"2024- 10- 25","167,800","172,100","172,900","167,100","625.04K","-2.50%"
"2024- 10- 24","172,100","172,100","173,400","170,800","383.19K","-0.23%"
"2024- 10- 23","172,500","172,000","174,600","170,800","586.79K","0.76%"
"2024- 10- 22","171,200","176,900","177,100","170,800","762.54K","-3.17%"
"2024- 10- 21","176,800","176,800","179,200","176,200","535.95K","0.00%"
"2024- 10- 18","176,800","176,500","177,600","175,400","567.15K","1.03%"
"2024- 10- 17","175,000","177,000","177,700","175,000","568.19K","-1.13%"
"2024- 10- 16","177,000","173,900","177,700","173,300","859.19K","1.03%"
"2024- 10- 15","175,200","172,400","175,700","172,400","992.32K","2.22%"
"2024- 10- 14","171,400","173,300","174,300","169,900","675.49K","-1.10%"
"2024- 10- 11","173,300","172,900","173,500","171,200","574.60K","0.52%"
"2024- 10- 10","172,400","167,900","174,700","167,800","1.40M","3.73%"
"2024- 10- 08","166,200","166,500","167,400","165,100","888.76K","0.06%"
"2024- 10- 07","166,100","171,800","171,900","165,800","1.08M","-2.69%"
"2024- 10- 04","170,700","169,300","171,900","168,200","820.54K","1.49%"
"2024- 10- 02","168,200","168,200","171,100","168,100","934.74K","-0.71%"
"2024- 09- 30","169,400","174,000","177,300","169,400","1.84M","-0.59%"
"2024- 09- 27","170,400","170,900","171,400","168,600","840.44K","-0.29%"
"2024- 09- 26","170,900","167,100","170,900","167,100","693.46K","2.83%"
"2024- 09- 25","166,200","169,200","169,800","166,100","650.70K","-1.07%"
"2024- 09- 24","168,000","166,600","168,000","164,100","656.26K","0.78%"
"2024- 09- 23","166,700","160,700","166,700","159,900","883.70K","4.25%"
"2024- 09- 20","159,900","162,000","165,400","159,700","774.84K","-0.44%"
"2024- 09- 19","160,600","161,900","162,600","159,500","598.88K","0.31%"
"2024- 09- 13","160,100","159,900","160,400","158,900","319.06K","0.06%"
"2024- 09- 12","160,000","157,600","160,000","156,600","546.91K","2.30%"
"2024- 09- 11","156,400","157,200","160,300","155,900","421.34K","-1.64%"
"2024- 09- 10","159,000","156,500","159,100","156,400","630.50K","2.58%"
"2024- 09- 09","155,000","153,800","155,500","152,500","607.03K","-1.40%"
"2024- 09- 06","157,200","160,200","160,600","157,100","641.55K","-1.63%"
"2024- 09- 05","159,800","158,300","161,800","158,000","643.83K","1.46%"
"2024- 09- 04","157,500","160,300","162,600","156,700","1.21M","-4.72%"
"2024- 09- 03","165,300","167,200","169,700","165,300","530.98K","-0.78%"
"2024- 09- 02","166,600","169,100","169,100","164,900","500.53K","-1.48%"
"2024- 08- 30","169,100","165,500","170,300","165,200","901.92K","2.55%"
"2024- 08- 29","164,900","162,800","165,900","162,100","444.79K","0.67%"
"2024- 08- 28","163,800","168,000","168,500","163,600","775.74K","-2.44%"
"2024- 08- 27","167,900","170,900","171,900","167,900","608.94K","-1.64%"
"2024- 08- 26","170,700","165,600","172,200","164,500","1.25M","3.52%"
"2024- 08- 23","164,900","164,300","165,400","163,300","579.37K","0.12%"
"2024- 08- 22","164,700","157,200","164,700","157,100","1.57M","5.31%"
"2024- 08- 21","156,400","156,700","157,500","155,600","410.99K","-0.13%"
"2024- 08- 20","156,600","157,900","158,900","156,500","538.91K","0.00%"
"2024- 08- 19","156,600","157,900","159,300","156,600","520.86K","-0.57%"
"2024- 08- 16","157,500","159,200","159,200","157,000","814.63K","0.13%"
"2024- 08- 14","157,300","157,300","158,000","155,700","834.72K","0.58%"
"2024- 08- 13","156,400","159,800","160,300","156,100","1.03M","-2.43%"
"2024- 08- 12","160,300","164,600","164,700","159,400","803.07K","-2.08%"
"2024- 08- 09","163,700","170,000","170,000","163,100","1.22M","0.61%"
"2024- 08- 08","162,700","160,100","163,500","158,900","711.46K","0.00%"
"2024- 08- 07","162,700","156,100","163,500","156,000","774.22K","2.71%"
"2024- 08- 06","158,400","160,000","163,300","156,600","1.11M","1.47%"
"2024- 08- 05","156,100","169,000","169,600","151,100","1.43M","-8.93%"
"2024- 08- 02","171,400","172,000","172,500","170,500","669.12K","-2.06%"
"2024- 08- 01","175,000","176,500","177,000","174,500","477.44K","0.57%"
"2024- 07- 31","174,000","173,900","175,100","171,500","405.70K","0.40%"
"2024- 07- 30","173,300","174,500","176,600","172,600","394.85K","-0.97%"
"2024- 07- 29","175,000","175,300","176,200","173,600","426.86K","0.11%"
"2024- 07- 26","174,800","178,400","179,000","174,500","808.14K","-1.80%"
"2024- 07- 25","178,000","170,000","179,200","169,500","1.46M","3.67%"
"2024- 07- 24","171,700","169,000","172,500","167,000","409.65K","0.64%"
"2024- 07- 23","170,600","174,000","177,000","170,600","594.60K","-1.22%"
"2024- 07- 22","172,700","172,000","173,900","170,700","451.99K","0.29%"
"2024- 07- 19","172,200","173,700","174,700","169,800","614.07K","-1.54%"
"2024- 07- 18","174,900","173,300","175,500","171,300","521.41K","0.87%"
"2024- 07- 17","173,400","172,000","174,500","171,600","553.45K","1.05%"
"2024- 07- 16","171,600","175,600","176,200","171,100","807.26K","-2.67%"
"2024- 07- 15","176,300","178,200","180,500","176,000","922.97K","0.86%"
"2024- 07- 12","174,800","176,100","181,600","174,000","1.39M","-0.74%"
"2024- 07- 11","176,100","178,400","178,700","175,300","788.12K","-0.79%"
"2024- 07- 10","177,500","170,600","178,300","169,700","1.63M","3.98%"
"2024- 07- 09","170,700","171,100","172,900","169,800","656.25K","0.12%"
"2024- 07- 08","170,500","168,100","171,900","166,100","1.14M","1.43%"
"2024- 07- 05","168,100","160,600","168,600","160,200","1.29M","5.19%"
"2024- 07- 04","159,800","160,100","161,000","159,600","500.91K","0.00%"
"2024- 07- 03","159,800","160,000","162,400","159,700","602.67K","-0.06%"
"2024- 07- 02","159,900","161,600","162,500","159,600","925.19K","-1.84%"
"2024- 07- 01","162,900","165,400","166,000","161,500","1.13M","-2.40%"
"2024- 06- 28","166,900","167,300","169,000","165,900","705.80K","0.91%"
"2024- 06- 27","165,400","166,800","167,700","165,400","577.59K","-1.78%"
"2024- 06- 26","168,400","165,800","169,400","165,000","632.48K","1.20%"
"2024- 06- 25","166,400","168,200","168,400","165,700","671.92K","-1.48%"
"2024- 06- 24","168,900","167,700","170,700","167,200","588.14K","0.78%"
"2024- 06- 21","167,600","166,200","168,000","165,600","856.09K","0.24%"
"2024- 06- 20","167,200","167,500","169,700","166,500","555.13K","-0.42%"
"2024- 06- 19","167,900","167,700","168,400","165,100","770.36K","0.66%"
"2024- 06- 18","166,800","166,700","169,400","166,300","619.10K","0.42%"
"2024- 06- 17","166,100","168,800","169,400","166,000","871.08K","-2.24%"
"2024- 06- 14","169,900","169,300","171,100","168,700","673.88K","0.00%"
"2024- 06- 13","169,900","170,000","173,000","169,900","977.65K","0.89%"
"2024- 06- 12","168,400","170,000","170,900","167,700","972.34K","-1.06%"
"2024- 06- 11","170,200","171,000","171,500","170,000","604.23K","-0.29%"
"2024- 06- 10","170,700","173,100","175,000","170,700","740.80K","-2.68%"
"2024- 06- 07","175,400","177,500","178,500","174,900","634.01K","-0.96%"
"2024- 06- 05","177,100","177,400","178,200","175,600","464.33K","0.17%"
"2024- 06- 04","176,800","172,600","177,400","172,600","754.91K","2.37%"
"2024- 06- 03","172,700","172,000","175,500","171,800","660.06K","1.47%"
"2024- 05- 31","170,200","170,500","172,000","170,000","1.06M","-0.12%"
"2024- 05- 30","170,400","173,500","174,900","170,400","920.81K","-2.80%"
"2024- 05- 29","175,300","178,100","179,800","175,100","872.54K","-1.18%"
"2024- 05- 28","177,400","178,500","178,700","177,400","558.23K","-0.89%"
"2024- 05- 27","179,000","180,000","180,100","177,400","554.79K","0.00%"
"2024- 05- 24","179,000","180,300","181,100","179,000","725.58K","-1.70%"
"2024- 05- 23","182,100","181,900","183,000","180,100","404.92K","-0.27%"
"2024- 05- 22","182,600","182,800","183,300","182,300","314.79K","-0.33%"
"2024- 05- 21","183,200","182,100","184,500","182,100","464.20K","-0.43%"
"2024- 05- 20","184,000","187,900","188,000","183,600","567.35K","-1.76%"
"2024- 05- 17","187,300","188,600","189,800","187,000","392.35K","-0.64%"
"2024- 05- 16","188,500","186,300","190,600","186,200","800.63K","2.22%"
"2024- 05- 14","184,400","185,100","187,200","184,300","518.33K","0.05%"
"2024- 05- 13","184,300","186,900","186,900","182,400","719.74K","-2.28%"
"2024- 05- 10","188,600","188,300","189,300","187,100","672.98K","0.16%"
"2024- 05- 09","188,300","185,900","188,700","185,500","1.13M","-1.36%"
"2024- 05- 08","190,900","194,100","194,100","189,700","931.35K","-2.00%"
"2024- 05- 07","194,800","197,400","198,500","193,800","1.27M","0.10%"
"2024- 05- 03","194,600","195,000","196,400","191,500","2.28M","3.07%"
"2024- 05- 02","188,800","185,200","190,000","184,600","975.55K","2.39%"
"2024- 04- 30","184,400","184,600","187,500","183,800","617.88K","-0.16%"
"2024- 04- 29","184,700","182,200","184,800","181,600","508.40K","1.76%"
"2024- 04- 26","181,500","184,100","184,500","181,500","415.98K","-0.66%"
"2024- 04- 25","182,700","181,500","184,600","180,200","436.42K","-0.54%"
"2024- 04- 24","183,700","181,400","184,400","181,300","588.83K","2.00%"
"2024- 04- 23","180,100","181,400","182,400","180,000","455.29K","-0.44%"
"2024- 04- 22","180,900","185,200","185,300","180,300","489.11K","-0.82%"
"2024- 04- 19","182,400","179,900","183,800","179,100","755.61K","0.94%"
"2024- 04- 18","180,700","180,000","181,500","179,800","595.92K","0.61%"
"2024- 04- 17","179,600","180,800","181,600","179,600","402.48K","0.06%"
"2024- 04- 16","179,500","181,600","181,700","179,500","791.67K","-1.81%"
"2024- 04- 15","182,800","183,800","184,600","182,600","622.37K","-1.67%"
"2024- 04- 12","185,900","184,700","189,300","184,600","831.74K","1.25%"
"2024- 04- 11","183,600","186,100","188,300","183,100","1.15M","-2.86%"
"2024- 04- 09","189,000","189,100","190,500","186,600","454.12K","-0.47%"
"2024- 04- 08","189,900","193,100","193,200","188,500","612.07K","-1.66%"
"2024- 04- 05","193,100","192,100","193,800","190,000","480.27K","-0.62%"
"2024- 04- 04","194,300","195,900","196,000","194,100","677.48K","0.47%"
"2024- 04- 03","193,400","191,000","197,300","190,600","1.10M","0.73%"
"2024- 04- 02","192,000","192,500","193,100","190,500","914.63K","-1.18%"
"2024- 04- 01","194,300","188,000","194,500","188,000","1.39M","3.68%"
"2024- 03- 29","187,400","187,300","188,900","185,100","627.75K","0.16%"
"2024- 03- 28","187,100","190,000","190,200","187,100","657.85K","-1.16%"
"2024- 03- 27","189,300","188,900","191,200","188,400","587.38K","0.21%"
"2024- 03- 26","188,900","188,000","191,000","187,300","740.50K","0.48%"
"2024- 03- 25","188,000","187,300","189,400","185,400","650.93K","-0.48%"
"2024- 03- 22","188,900","184,600","190,800","184,600","1.27M","2.44%"
"2024- 03- 21","184,400","184,700","187,800","184,400","1.04M","0.71%"
"2024- 03- 20","183,100","183,000","184,400","182,600","558.72K","0.27%"
"2024- 03- 19","182,600","183,200","183,800","182,100","721.71K","-0.81%"
"2024- 03- 18","184,100","186,200","186,500","183,200","1.05M","-1.07%"
"2024- 03- 17","186,100","186,100","186,100","186,100","0.12K","0.00%"
"2024- 03- 15","186,100","186,100","188,500","186,000","1.01M","-0.37%"
"2024- 03- 14","186,800","188,800","189,400","186,800","1.12M","-0.85%"
"2024- 03- 13","188,400","191,100","191,200","188,300","806.97K","-1.10%"
"2024- 03- 12","190,500","190,700","191,200","188,400","701.35K","0.32%"
"2024- 03- 11","189,900","188,200","190,900","188,200","648.15K","1.01%"
"2024- 03- 10","188,000","188,000","188,000","188,000","","0.00%"
"2024- 03- 08","188,000","190,000","190,700","188,000","744.34K","-0.53%"
"2024- 03- 07","189,000","191,200","191,500","188,200","750.05K","-0.42%"
"2024- 03- 06","189,800","189,000","192,800","189,000","872.71K","0.58%"
"2024- 03- 05","188,700","191,800","192,800","188,700","1.08M","-1.72%"
"2024- 03- 04","192,000","194,400","197,400","192,000","1.18M","-1.54%"
"2024- 03- 03","195,000","195,000","195,000","195,000","","0.00%"
"2024- 02- 29","195,000","200,000","200,500","195,000","2.01M","-4.41%"
"2024- 02- 28","204,000","200,500","204,000","199,700","586.42K","2.00%"
"2024- 02- 27","200,000","199,900","200,500","198,700","646.81K","0.05%"
"2024- 02- 26","199,900","200,000","201,500","199,500","571.52K","-0.30%"
"2024- 02- 25","200,500","200,500","200,500","200,500","","0.00%"
"2024- 02- 23","200,500","202,500","203,000","200,000","684.18K","-0.74%"
"2024- 02- 22","202,000","204,000","204,500","200,500","731.45K","-0.25%"
"2024- 02- 21","202,500","202,000","203,500","201,000","537.70K","0.00%"
"2024- 02- 20","202,500","203,500","205,500","202,000","651.41K","-0.49%"
"2024- 02- 19","203,500","206,500","206,500","203,000","612.95K","-0.73%"
"2024- 02- 18","205,000","205,000","205,000","205,000","","0.00%"
"2024- 02- 16","205,000","205,500","209,000","204,000","830.39K","0.74%"
"2024- 02- 15","203,500","205,000","209,500","203,500","938.40K","0.49%"
"2024- 02- 14","202,500","200,500","203,500","199,300","625.45K","-1.22%"
"2024- 02- 13","205,000","206,500","208,000","204,500","856.74K","-0.49%"
"2024- 02- 12","206,000","206,000","206,000","206,000","","0.00%"
"2024- 02- 08","206,000","206,500","208,000","205,000","626.15K","0.73%"
"2024- 02- 07","204,500","208,000","209,500","204,000","697.44K","-0.49%"
"2024- 02- 06","205,500","208,000","209,000","203,500","891.70K","-1.20%"
"2024- 02- 05","208,000","220,500","221,500","208,000","1.71M","-6.09%"
"2024- 02- 04","221,500","221,500","221,500","221,500","","0.00%"
"2024- 02- 02","221,500","209,500","221,500","208,000","1.82M","9.38%"
"2024- 02- 01","202,500","199,500","202,500","198,600","812.92K","1.00%"
"2024- 01- 31","200,500","208,500","209,500","200,000","1.29M","-4.30%"
"2024- 01- 30","209,500","214,000","214,500","208,000","612.60K","-1.18%"
"2024- 01- 29","212,000","216,500","218,000","211,500","614.01K","-2.08%"
"2024- 01- 28","216,500","216,500","216,500","216,500","","0.00%"
"2024- 01- 26","216,500","211,500","218,500","211,500","405.16K","1.41%"
"2024- 01- 25","213,500","216,000","217,000","212,500","550.06K","-2.06%"
"2024- 01- 24","218,000","219,000","219,500","215,500","378.77K","0.00%"
"2024- 01- 23","218,000","218,000","219,500","215,500","384.74K","0.46%"
"2024- 01- 22","217,000","219,000","222,500","217,000","514.38K","0.70%"
"2024- 01- 21","215,500","215,500","215,500","215,500","","0.00%"
"2024- 01- 19","215,500","219,000","221,500","213,500","899.01K","-0.46%"
"2024- 01- 18","216,500","217,000","219,500","215,000","725.23K","-1.14%"
"2024- 01- 17","219,000","228,500","230,500","218,500","956.12K","-4.78%"
"2024- 01- 16","230,000","227,500","235,500","227,000","691.53K","0.22%"
"2024- 01- 15","229,500","230,000","230,500","223,500","534.59K","-0.43%"
"2024- 01- 14","230,500","230,500","230,500","230,500","","0.00%"
"2024- 01- 12","230,500","232,000","232,500","228,000","513.34K","-0.43%"
"2024- 01- 11","231,500","232,500","234,500","229,500","877.37K","0.22%"
"2024- 01- 10","231,000","229,500","233,500","227,000","698.00K","0.65%"
"2024- 01- 09","229,500","229,500","233,000","228,500","831.56K","1.32%"
"2024- 01- 08","226,500","222,000","231,500","222,000","1.05M","2.72%"
"2024- 01- 07","220,500","220,500","220,500","220,500","","0.00%"
"2024- 01- 05","220,500","222,500","224,000","219,500","385.77K","-1.12%"
"2024- 01- 04","223,000","221,000","225,500","220,500","536.13K","0.45%"
"2024- 01- 03","222,000","223,500","224,000","220,000","688.68K","-2.42%"
"2024- 01- 02","227,500","222,500","229,000","221,000","712.18K","1.56%"
"2023- 12- 28","224,000","224,000","224,000","221,000","522.29K","0.45%"
"2023- 12- 27","223,000","216,000","223,000","215,500","608.50K","3.48%"
"2023- 12- 26","215,500","216,500","217,500","215,000","450.66K","0.23%"
"2023- 12- 25","215,000","215,000","215,000","215,000","","0.00%"
"2023- 12- 22","215,000","218,500","219,000","215,000","491.20K","-0.69%"
"2023- 12- 21","216,500","218,500","220,000","215,500","755.05K","-1.81%"
"2023- 12- 20","220,500","224,000","225,500","219,500","869.48K","-0.90%"
"2023- 12- 19","222,500","222,500","224,500","221,000","494.49K","-0.22%"
"2023- 12- 18","223,000","226,000","226,500","222,000","552.33K","-1.33%"
"2023- 12- 17","226,000","226,000","226,000","226,000","","0.00%"
"2023- 12- 15","226,000","223,000","226,500","222,000","885.23K","1.35%"
"2023- 12- 14","223,000","218,500","225,000","217,000","1.75M","4.45%"
"2023- 12- 13","213,500","212,000","215,500","212,000","434.67K","0.00%"
"2023- 12- 12","213,500","216,500","219,500","212,500","707.91K","-1.84%"
"2023- 12- 11","217,500","218,500","220,500","215,000","511.74K","0.00%"
"2023- 12- 10","217,500","217,500","217,500","217,500","","0.00%"
"2023- 12- 08","217,500","215,500","219,000","215,000","682.78K","2.35%"
"2023- 12- 07","212,500","214,000","215,000","210,000","518.87K","-0.47%"
"2023- 12- 06","213,500","214,000","215,500","212,500","490.00K","0.23%"
"2023- 12- 05","213,000","210,000","216,500","209,500","836.27K","1.19%"
"2023- 12- 04","210,500","208,000","214,000","207,500","702.37K","2.18%"
"2023- 12- 03","206,000","206,000","206,000","206,000","","0.00%"
"2023- 12- 01","206,000","208,000","210,000","204,000","535.96K","-0.96%"
"2023- 11- 30","208,000","206,500","209,500","206,500","640.08K","0.24%"
"2023- 11- 29","207,500","208,500","209,000","205,500","493.89K","0.00%"
"2023- 11- 28","207,500","208,000","210,000","204,500","548.30K","0.73%"
"2023- 11- 27","206,000","205,500","211,000","205,000","532.04K","0.24%"
"2023- 11- 26","205,500","205,500","205,500","205,500","","0.00%"
"2023- 11- 24","205,500","205,500","207,500","204,000","303.82K","0.00%"
"2023- 11- 23","205,500","206,500","208,000","204,500","342.45K","-0.96%"
"2023- 11- 22","207,500","202,500","207,500","200,500","355.98K","1.47%"
"2023- 11- 21","204,500","205,000","207,500","204,000","461.09K","0.99%"
"2023- 11- 20","202,500","200,500","203,500","200,000","271.12K","0.25%"
"2023- 11- 19","202,000","202,000","202,000","202,000","","0.00%"
"2023- 11- 17","202,000","203,000","204,000","200,000","399.51K","-0.49%"
"2023- 11- 16","203,000","204,000","204,500","200,500","413.04K","-1.22%"
"2023- 11- 15","205,500","203,500","206,000","202,000","842.84K","3.47%"
"2023- 11- 14","198,600","194,100","198,900","194,000","476.96K","3.12%"
"2023- 11- 13","192,600","197,400","199,000","192,500","495.24K","-1.08%"
"2023- 11- 12","194,700","194,700","194,700","194,700","","0.00%"
"2023- 11- 10","194,700","196,300","198,500","193,500","670.74K","-1.77%"
"2023- 11- 09","198,200","197,100","200,500","196,000","589.05K","0.41%"
"2023- 11- 08","197,400","200,000","202,000","197,400","582.25K","-1.55%"
"2023- 11- 07","200,500","202,500","204,000","197,600","779.66K","-2.43%"
"2023- 11- 06","205,500","204,500","207,500","200,000","991.21K","2.49%"
"2023- 11- 05","200,500","200,500","200,500","200,500","","0.00%"
"2023- 11- 03","200,500","195,800","200,500","193,100","1.26M","5.08%"
"2023- 11- 02","190,800","191,100","192,700","190,300","627.01K","1.65%"
"2023- 11- 01","187,700","190,000","191,600","187,000","507.79K","0.16%"
"2023- 10- 31","187,400","191,000","192,700","186,700","746.18K","0.70%"
"2023- 10- 30","186,100","184,100","187,200","183,000","389.51K","0.38%"
"2023- 10- 29","185,400","185,400","185,400","185,400","","0.00%"
"2023- 10- 27","185,400","183,400","186,300","182,500","517.95K","1.92%"
"2023- 10- 26","181,900","184,000","186,800","181,300","732.82K","-3.81%"
"2023- 10- 25","189,100","189,900","191,200","184,800","722.63K","1.12%"
"2023- 10- 24","187,000","181,500","187,100","180,100","799.51K","4.88%"
"2023- 10- 23","178,300","179,300","182,200","178,200","440.23K","-1.05%"
"2023- 10- 22","180,200","180,200","180,200","180,200","","0.00%"
"2023- 10- 20","180,200","178,400","181,600","178,000","574.35K","-0.66%"
"2023- 10- 19","181,400","183,100","183,600","180,700","748.58K","-2.63%"
"2023- 10- 18","186,300","188,400","190,000","185,500","526.47K","-1.17%"
"2023- 10- 17","188,500","191,500","192,800","188,500","510.20K","-0.63%"
"2023- 10- 16","189,700","190,500","192,000","188,400","567.31K","-1.09%"
"2023- 10- 15","191,800","191,800","191,800","191,800","","0.00%"
"2023- 10- 13","191,800","191,700","193,700","190,900","366.23K","-0.93%"
"2023- 10- 12","193,600","193,700","194,900","191,500","568.02K","0.31%"
"2023- 10- 11","193,000","194,000","195,800","192,800","516.81K","0.94%"
"2023- 10- 10","191,200","192,800","196,300","189,800","626.06K","0.16%"
"2023- 10- 09","190,900","190,900","190,900","190,900","","0.00%"
"2023- 10- 06","190,900","189,300","192,300","189,200","391.57K","0.79%"
"2023- 10- 05","189,400","192,500","193,800","189,000","616.86K","-0.94%"
"2023- 10- 04","191,200","196,000","198,100","191,200","1.15M","-5.11%"
"2023- 10- 03","201,500","201,500","201,500","201,500","","0.00%"
"2023- 09- 27","201,500","198,000","202,500","197,600","384.61K","0.25%"
"2023- 09- 26","201,000","207,000","207,500","200,000","652.72K","-2.66%"
"2023- 09- 25","206,500","209,000","211,500","206,000","474.15K","-0.72%"
"2023- 09- 24","208,000","208,000","208,000","208,000","","0.00%"
"2023- 09- 22","208,000","206,500","210,000","206,000","479.86K","-0.95%"
"2023- 09- 21","210,000","215,000","216,500","210,000","679.91K","-3.45%"
"2023- 09- 20","217,500","219,000","221,500","216,500","363.43K","-0.91%"
"2023- 09- 19","219,500","222,000","222,000","219,000","447.24K","-0.90%"
"2023- 09- 18","221,500","227,000","229,000","221,500","717.07K","-3.49%"
"2023- 09- 17","229,500","229,500","229,500","229,500","","0.00%"
"2023- 09- 15","229,500","225,000","230,000","224,500","1.13M","1.77%"
"2023- 09- 14","225,500","223,000","226,000","220,500","944.65K","1.58%"
"2023- 09- 13","222,000","220,000","222,000","215,500","901.19K","1.14%"
"2023- 09- 12","219,500","213,500","222,500","213,000","1.25M","3.78%"
"2023- 09- 11","211,500","214,000","214,500","210,000","699.70K","-1.63%"
"2023- 09- 10","215,000","215,000","215,000","215,000","","0.00%"
"2023- 09- 08","215,000","218,000","218,000","212,500","584.10K","-0.69%"
"2023- 09- 07","216,500","216,000","222,000","214,500","1.23M","1.17%"
"2023- 09- 06","214,000","210,500","214,500","207,500","803.74K","0.94%"
"2023- 09- 05","212,000","211,500","213,000","209,500","387.57K","0.24%"
"2023- 09- 04","211,500","213,500","214,000","207,500","656.57K","-1.40%"
"2023- 09- 03","214,500","214,500","214,500","214,500","","0.00%"
"2023- 09- 01","214,500","215,000","215,500","212,000","565.91K","0.00%"
"2023- 08- 31","214,500","217,500","219,000","213,000","799.39K","-1.38%"
"2023- 08- 30","217,500","221,000","222,000","216,500","596.65K","-0.23%"
"2023- 08- 29","218,000","213,500","218,500","213,500","800.82K","2.11%"
"2023- 08- 28","213,500","213,000","213,500","210,000","689.52K","1.18%"
"2023- 08- 27","211,000","211,000","211,000","211,000","","0.00%"
"2023- 08- 25","211,000","221,500","222,000","210,500","2.06M","-7.86%"
"2023- 08- 24","229,000","221,000","235,000","218,500","2.98M","6.26%"
"2023- 08- 23","215,500","222,000","222,000","215,500","861.34K","-2.49%"
"2023- 08- 22","221,000","218,000","224,500","217,000","998.93K","3.03%"
"2023- 08- 21","214,500","213,000","218,000","213,000","687.89K","0.94%"
"2023- 08- 20","212,500","212,500","212,500","212,500","","0.00%"
"2023- 08- 18","212,500","213,500","217,500","211,000","880.53K","-2.52%"
"2023- 08- 17","218,000","221,000","222,000","216,000","874.08K","-2.02%"
"2023- 08- 16","222,500","219,500","225,500","218,000","918.16K","0.68%"
"2023- 08- 15","221,000","221,000","221,000","221,000","","0.00%"
"2023- 08- 14","221,000","222,500","224,500","220,500","567.72K","-0.45%"
"2023- 08- 13","222,000","222,000","222,000","222,000","","0.00%"
"2023- 08- 11","222,000","227,000","231,500","222,000","929.62K","-1.33%"
"2023- 08- 10","225,000","223,500","225,000","220,000","920.85K","-1.10%"
"2023- 08- 09","227,500","225,000","232,500","224,000","1.27M","2.02%"
"2023- 08- 08","223,000","241,000","241,500","223,000","1.92M","-4.90%"
"2023- 08- 07","234,500","226,500","241,500","225,000","3.01M","4.92%"
"2023- 08- 06","223,500","223,500","223,500","223,500","","0.00%"
"2023- 08- 04","223,500","230,500","235,500","220,000","2.53M","0.22%"
"2023- 08- 03","223,000","226,500","227,500","219,000","1.40M","-1.98%"
"2023- 08- 02","227,500","235,000","235,000","226,000","1.37M","-2.36%"
"2023- 08- 01","233,000","232,500","239,500","230,500","3.09M","2.64%"
"2023- 07- 31","227,000","214,500","228,000","212,500","2.65M","7.58%"
"2023- 07- 30","211,000","211,000","211,000","211,000","","0.00%"
"2023- 07- 28","211,000","211,500","212,500","206,000","948.33K","-0.24%"
"2023- 07- 27","211,500","197,500","212,000","197,000","1.42M","6.98%"
"2023- 07- 26","197,700","201,500","202,500","194,900","1.06M","-1.64%"
"2023- 07- 25","201,000","202,000","203,500","199,300","641.15K","-0.99%"
"2023- 07- 24","203,000","205,500","206,500","201,500","660.17K","-1.46%"
"2023- 07- 23","206,000","206,000","206,000","206,000","","0.00%"
"2023- 07- 21","206,000","202,500","206,500","200,500","627.61K","0.73%"
"2023- 07- 20","204,500","202,500","208,500","202,500","572.72K","0.00%"
"2023- 07- 19","204,500","209,500","209,500","204,500","685.39K","-2.15%"
"2023- 07- 18","209,000","205,500","209,500","204,500","800.97K","1.21%"
"2023- 07- 17","206,500","206,000","207,000","202,500","703.92K","0.98%"
"2023- 07- 16","204,500","204,500","204,500","204,500","","0.00%"
"2023- 07- 14","204,500","202,000","204,500","200,500","734.43K","2.40%"
"2023- 07- 13","199,700","204,500","206,500","199,500","919.89K","-1.14%"
"2023- 07- 12","202,000","197,400","202,500","195,700","861.90K","2.33%"
"2023- 07- 11","197,400","196,700","197,600","194,600","521.94K","2.17%"
"2023- 07- 10","193,200","195,000","196,300","192,700","496.79K","-0.92%"
"2023- 07- 09","195,000","195,000","195,000","195,000","","0.00%"
"2023- 07- 07","195,000","195,600","197,300","193,800","831.21K","-0.26%"
"2023- 07- 06","195,500","185,500","196,200","185,500","1.49M","4.83%"
"2023- 07- 05","186,500","188,000","190,200","186,500","684.58K","-1.17%"
"2023- 07- 04","188,700","188,200","190,200","186,700","490.24K","-0.32%"
"2023- 07- 03","189,300","182,800","190,600","182,800","866.87K","3.56%"
"2023- 07- 02","182,800","182,800","182,800","182,800","","0.00%"
"2023- 06- 30","182,800","183,300","184,500","180,600","659.20K","-0.33%"
"2023- 06- 29","183,400","183,800","186,200","183,400","575.30K","-0.76%"
"2023- 06- 28","184,800","187,500","188,100","182,800","714.56K","-0.59%"
"2023- 06- 27","185,900","188,000","188,000","184,100","870.99K","-1.59%"
"2023- 06- 26","188,900","187,700","191,200","187,600","487.13K","0.00%"
"2023- 06- 25","188,900","188,900","188,900","188,900","","0.00%"
"2023- 06- 23","188,900","191,500","192,000","188,900","686.95K","-1.25%"
"2023- 06- 22","191,300","189,400","193,200","189,300","577.13K","0.74%"
"2023- 06- 21","189,900","199,100","199,200","189,900","1.34M","-4.33%"
"2023- 06- 20","198,500","199,500","201,000","197,900","436.28K","-0.05%"
"2023- 06- 19","198,600","202,500","202,500","198,500","667.79K","-1.93%"
"2023- 06- 18","202,500","202,500","202,500","202,500","","0.00%"
"2023- 06- 16","202,500","202,500","204,500","202,000","724.59K","1.00%"
"2023- 06- 15","200,500","200,000","202,500","199,900","524.99K","0.65%"
"2023- 06- 14","199,200","201,000","202,000","198,300","662.68K","-0.90%"
"2023- 06- 13","201,000","202,000","203,000","199,600","561.86K","0.25%"
"2023- 06- 12","200,500","202,500","203,500","199,700","404.58K","0.00%"
"2023- 06- 11","200,500","200,500","200,500","200,500","","0.00%"
"2023- 06- 09","200,500","202,000","205,000","200,500","538.58K","0.00%"
"2023- 06- 08","200,500","203,000","203,500","200,000","716.10K","-2.20%"
"2023- 06- 07","205,000","206,500","208,000","204,000","547.09K","0.24%"
"2023- 06- 06","204,500","204,500","204,500","204,500","","0.00%"
"2023- 06- 05","204,500","205,500","206,500","204,000","426.73K","0.00%"
"2023- 06- 02","204,500","204,500","205,000","202,500","403.46K","0.25%"
"2023- 06- 01","204,000","199,900","204,000","199,900","544.23K","2.26%"
"2023- 05- 31","199,500","201,500","203,000","199,100","982.16K","-0.99%"
"2023- 05- 30","201,500","205,000","205,000","200,500","606.20K","-0.49%"
"2023- 05- 29","202,500","202,500","202,500","202,500","","0.00%"
"2023- 05- 26","202,500","204,500","207,000","202,500","503.05K","-1.70%"
"2023- 05- 25","206,000","202,500","207,500","202,500","789.60K","1.48%"
"2023- 05- 24","203,000","208,000","209,500","202,500","1.20M","-4.25%"
"2023- 05- 23","212,000","215,500","216,000","211,500","546.86K","-1.40%"
"2023- 05- 22","215,000","215,500","218,000","214,000","533.95K","-0.69%"
"2023- 05- 21","216,500","216,500","216,500","216,500","","0.00%"
"2023- 05- 19","216,500","214,000","217,000","212,500","868.12K","1.88%"
"2023- 05- 18","212,500","213,500","214,000","210,000","376.94K","-0.23%"
"2023- 05- 17","213,000","207,500","214,000","207,500","535.35K","2.65%"
"2023- 05- 16","207,500","212,500","213,500","207,000","526.12K","-2.12%"
"2023- 05- 15","212,000","212,000","213,500","207,500","580.69K","-0.70%"
"2023- 05- 14","213,500","213,500","213,500","213,500","","0.00%"
"2023- 05- 12","213,500","212,000","214,000","210,000","655.36K","1.18%"
"2023- 05- 11","211,000","213,000","216,000","210,500","820.27K","0.48%"
"2023- 05- 10","210,000","211,000","212,500","206,500","760.27K","-0.47%"
"2023- 05- 09","211,000","209,000","214,500","208,500","1.84M","1.93%"
"2023- 05- 08","207,000","200,500","207,500","198,200","2.02M","5.56%"
"2023- 05- 07","196,100","196,100","196,100","196,100","","0.00%"
"2023- 05- 04","196,100","191,100","197,300","189,000","897.30K","1.82%"
"2023- 05- 03","192,600","191,800","193,400","191,300","429.85K","-0.31%"
"2023- 05- 02","193,200","192,200","193,200","191,400","489.68K","0.47%"
"2023- 05- 01","192,300","192,300","192,300","192,300","","0.00%"
"2023- 04- 28","192,300","190,000","193,400","190,000","895.46K","2.18%"
"2023- 04- 27","188,200","188,000","189,400","186,500","466.53K","0.05%"
"2023- 04- 26","188,100","185,800","190,900","185,700","653.21K","1.07%"
"2023- 04- 25","186,100","190,000","191,200","186,000","774.18K","-2.05%"
"2023- 04- 24","190,000","189,000","191,800","188,500","467.45K","-0.16%"
"2023- 04- 23","190,300","190,300","190,300","190,300","","0.00%"
"2023- 04- 21","190,300","191,500","192,100","190,100","473.57K","-0.68%"
"2023- 04- 20","191,600","191,600","192,700","189,900","575.48K","0.10%"
"2023- 04- 19","191,400","192,400","192,500","191,400","605.26K","-0.73%"
"2023- 04- 18","192,800","196,100","196,900","191,500","1.01M","-2.13%"
"2023- 04- 17","197,000","199,000","199,300","196,300","553.30K","-1.01%"
"2023- 04- 16","199,000","199,000","199,000","199,000","","0.00%"
"2023- 04- 14","199,000","198,700","200,500","197,000","960.95K","1.32%"
"2023- 04- 13","196,400","196,200","198,800","195,600","723.81K","-0.81%"
"2023- 04- 12","198,000","199,300","200,500","196,900","697.71K","-0.95%"
"2023- 04- 11","199,900","193,300","200,000","193,300","1.13M","3.58%"
"2023- 04- 10","193,000","193,300","193,700","190,500","781.14K","-0.21%"
"2023- 04- 09","193,400","193,400","193,400","193,400","","0.00%"
"2023- 04- 07","193,400","193,000","195,400","192,900","528.79K","0.78%"
"2023- 04- 06","191,900","198,200","198,300","191,900","1.40M","-3.66%"
"2023- 04- 05","199,200","201,000","202,500","199,100","481.75K","-0.90%"
"2023- 04- 04","201,000","198,200","201,000","198,100","568.10K","1.41%"
"2023- 04- 03","198,200","203,500","204,500","198,100","787.87K","-1.88%"
"2023- 04- 02","202,000","202,000","202,000","202,000","","0.00%"
"2023- 03- 31","202,000","203,500","203,500","199,100","933.77K","0.50%"
"2023- 03- 30","201,000","200,500","201,000","198,100","718.03K","0.95%"
"2023- 03- 29","199,100","198,000","201,000","198,000","436.73K","-0.20%"
"2023- 03- 28","199,500","199,600","201,000","197,800","583.91K","0.10%"
"2023- 03- 27","199,300","201,500","202,000","198,200","608.03K","-1.58%"
"2023- 03- 26","202,500","202,500","202,500","202,500","","0.00%"
"2023- 03- 24","202,500","204,500","204,500","200,500","594.07K","-0.74%"
"2023- 03- 23","204,000","204,000","205,000","202,000","602.10K","-1.45%"
"2023- 03- 22","207,000","203,500","207,500","203,000","652.02K","3.24%"
"2023- 03- 21","200,500","202,500","203,500","200,000","400.87K","-0.50%"
"2023- 03- 20","201,500","198,000","204,000","198,000","599.69K","1.77%"
"2023- 03- 19","198,000","198,000","198,000","198,000","","0.00%"
"2023- 03- 17","198,000","201,000","202,000","197,200","766.74K","0.46%"
"2023- 03- 16","197,100","193,600","198,400","192,100","673.13K","0.36%"
"2023- 03- 15","196,400","200,000","201,000","194,500","835.82K","0.20%"
"2023- 03- 14","196,000","200,000","202,000","196,000","753.74K","-3.21%"
"2023- 03- 13","202,500","199,800","203,000","194,600","1.03M","1.35%"
"2023- 03- 12","199,800","199,800","199,800","199,800","","0.00%"
"2023- 03- 10","199,800","198,000","201,000","197,800","829.91K","-1.09%"
"2023- 03- 09","202,000","204,500","206,000","202,000","756.24K","-0.25%"
"2023- 03- 08","202,500","208,500","209,000","202,000","1.01M","-4.03%"
"2023- 03- 07","211,000","214,000","214,500","210,500","636.86K","-1.63%"
"2023- 03- 06","214,500","208,500","214,500","208,500","1.05M","4.38%"
"2023- 03- 05","205,500","205,500","205,500","205,500","","0.00%"
"2023- 03- 03","205,500","207,500","210,500","205,500","725.42K","-0.24%"
"2023- 03- 02","206,000","207,500","209,500","205,000","814.10K","-1.20%"
"2023- 03- 01","208,500","208,500","208,500","208,500","","0.00%"
"2023- 02- 28","208,500","209,500","212,000","207,500","823.56K","0.24%"
"2023- 02- 27","208,000","204,000","209,000","204,000","925.55K","0.00%"
"2023- 02- 26","208,000","208,000","208,000","208,000","","0.00%"
"2023- 02- 24","208,000","213,500","214,000","207,000","846.83K","-2.58%"
"2023- 02- 23","213,500","212,000","214,500","211,000","560.00K","0.95%"
"2023- 02- 22","211,500","211,500","213,500","210,500","818.62K","-1.86%"
"2023- 02- 21","215,500","220,500","220,500","215,000","640.18K","-1.60%"
"2023- 02- 20","219,000","215,500","220,000","213,500","569.22K","1.62%"
"2023- 02- 19","215,500","215,500","215,500","215,500","","0.00%"
"2023- 02- 17","215,500","216,000","219,000","212,000","901.80K","-2.27%"
"2023- 02- 16","220,500","218,000","222,500","218,000","957.31K","2.32%"
"2023- 02- 15","215,500","224,500","224,500","215,000","1.42M","-3.79%"
"2023- 02- 14","224,000","226,500","228,500","223,000","742.64K","0.45%"
"2023- 02- 13","223,000","231,000","231,000","220,500","1.30M","-3.04%"
"2023- 02- 12","230,000","230,000","230,000","230,000","","0.00%"
"2023- 02- 10","230,000","226,000","230,500","222,000","1.32M","0.00%"
"2023- 02- 09","230,000","224,500","230,500","224,000","1.55M","-0.22%"
"2023- 02- 08","230,500","224,500","232,000","224,000","1.77M","5.01%"
"2023- 02- 07","219,500","216,000","220,500","215,000","1.04M","1.86%"
"2023- 02- 06","215,500","221,000","224,500","215,500","1.38M","-3.58%"
"2023- 02- 05","223,500","223,500","223,500","223,500","","0.00%"
"2023- 02- 03","223,500","214,000","225,500","210,500","3.06M","5.67%"
"2023- 02- 02","211,500","213,000","213,500","210,500","1.23M","2.92%"
"2023- 02- 01","205,500","204,500","208,500","202,500","854.28K","1.48%"
"2023- 01- 31","202,500","206,000","208,500","202,000","1.06M","-2.17%"
"2023- 01- 30","207,000","212,000","214,000","206,500","1.16M","-2.13%"
"2023- 01- 29","211,500","211,500","211,500","211,500","","0.00%"
"2023- 01- 27","211,500","204,500","211,500","202,000","1.21M","3.68%"
"2023- 01- 26","204,000","202,500","204,000","199,900","869.94K","0.99%"
"2023- 01- 25","202,000","200,500","203,500","199,600","985.59K","3.06%"
"2023- 01- 20","196,000","195,500","201,000","195,000","784.16K","0.00%"
"2023- 01- 19","196,000","194,000","196,500","192,500","474.16K","0.26%"
"2023- 01- 18","195,500","194,000","196,000","193,000","514.87K","1.03%"
"2023- 01- 17","193,500","201,000","201,000","193,500","969.54K","-3.49%"
"2023- 01- 16","200,500","197,000","201,000","195,000","840.65K","2.82%"
"2023- 01- 15","195,000","195,000","195,000","195,000","","0.00%"
"2023- 01- 13","195,000","196,000","200,500","195,000","862.62K","0.52%"
"2023- 01- 12","194,000","198,000","199,000","194,000","788.04K","-0.51%"
"2023- 01- 11","195,000","197,500","200,500","194,500","1.03M","1.04%"
"2023- 01- 10","193,000","193,000","196,000","190,500","833.45K","-1.78%"
"2023- 01- 09","196,500","189,500","196,500","189,000","1.11M","6.22%"
"2023- 01- 08","185,000","185,000","185,000","185,000","","0.00%"
"2023- 01- 06","185,000","185,500","187,000","182,500","729.64K","-0.54%"
"2023- 01- 05","186,000","184,500","190,000","184,000","1.09M","1.92%"
"2023- 01- 04","182,500","177,000","183,500","177,000","744.52K","2.24%"
"2023- 01- 03","178,500","177,000","179,500","173,500","569.22K","-0.56%"
"2023- 01- 02","179,500","179,500","180,000","176,000","428.70K","1.13%"
"2022- 12- 29","177,500","180,000","185,000","177,500","654.00K","-1.39%"
"2022- 12- 28","180,000","179,000","183,500","178,000","575.83K","-0.55%"
"2022- 12- 27","181,000","179,500","182,500","179,000","489.08K","1.40%"
"2022- 12- 26","178,500","178,500","180,500","177,000","349.03K","0.28%"
"2022- 12- 25","178,000","178,000","178,000","178,000","","0.00%"
"2022- 12- 23","178,000","180,500","182,000","178,000","610.50K","-3.52%"
"2022- 12- 22","184,500","182,000","185,500","180,500","464.20K","2.50%"
"2022- 12- 21","180,000","182,500","183,000","180,000","300.20K","-0.28%"
"2022- 12- 20","180,500","182,000","184,000","179,000","621.13K","-1.63%"
"2022- 12- 19","183,500","179,500","184,000","179,500","470.88K","1.66%"
"2022- 12- 18","180,500","180,500","180,500","180,500","","0.00%"
"2022- 12- 16","180,500","178,000","182,500","177,500","906.45K","-1.10%"
"2022- 12- 15","182,500","191,000","191,000","182,500","1.26M","-5.68%"
"2022- 12- 14","193,500","194,000","195,000","191,500","682.02K","0.26%"
"2022- 12- 13","193,000","195,500","197,000","191,000","690.52K","0.00%"
"2022- 12- 12","193,000","192,500","196,500","190,500","650.89K","-1.03%"
"2022- 12- 11","195,000","195,000","195,000","195,000","","0.00%"
"2022- 12- 09","195,000","187,500","195,000","187,000","1.08M","5.12%"
"2022- 12- 08","185,500","184,000","186,500","181,500","706.47K","1.09%"
"2022- 12- 07","183,500","183,000","187,500","182,500","641.30K","-1.08%"
"2022- 12- 06","185,500","189,500","190,000","185,000","864.70K","-3.13%"
"2022- 12- 05","191,500","187,000","195,000","186,500","1.22M","3.23%"
"2022- 12- 04","185,500","185,500","185,500","185,500","","0.00%"
"2022- 12- 02","185,500","188,000","190,500","185,500","792.18K","-1.07%"
"2022- 12- 01","187,500","194,500","195,000","187,500","1.15M","0.27%"
"2022- 11- 30","187,000","181,500","187,000","180,500","851.31K","2.47%"
"2022- 11- 29","182,500","178,500","183,500","178,500","476.46K","1.11%"
"2022- 11- 28","180,500","184,000","184,500","180,500","547.71K","-2.43%"
"2022- 11- 27","185,000","185,000","185,000","185,000","","0.00%"
"2022- 11- 25","185,000","187,000","189,000","185,000","438.06K","-1.60%"
"2022- 11- 24","188,000","183,000","188,000","182,500","894.57K","3.58%"
"2022- 11- 23","181,500","184,000","186,000","181,000","775.59K","0.55%"
"2022- 11- 22","180,500","181,500","184,500","179,500","627.29K","-1.10%"
"2022- 11- 21","182,500","186,000","187,500","181,000","611.35K","-1.62%"
"2022- 11- 20","185,500","185,500","185,500","185,500","","0.00%"
"2022- 11- 18","185,500","187,500","190,000","184,500","748.65K","-1.33%"
"2022- 11- 17","188,000","188,000","189,500","186,500","823.19K","-0.79%"
"2022- 11- 16","189,500","194,000","194,500","187,000","1.13M","-1.30%"
"2022- 11- 15","192,000","190,000","192,500","188,000","883.49K","1.86%"
"2022- 11- 14","188,500","194,000","194,500","188,000","1.77M","-2.58%"
"2022- 11- 13","193,500","193,500","193,500","193,500","","0.00%"
"2022- 11- 11","193,500","189,000","196,500","186,000","3.28M","9.94%"
"2022- 11- 10","176,000","177,500","180,000","176,000","967.86K","-2.22%"
"2022- 11- 09","180,000","178,500","183,000","177,500","1.59M","1.41%"
"2022- 11- 08","177,500","172,000","179,000","171,000","2.54M","5.03%"
"2022- 11- 07","169,000","177,000","178,000","168,000","2.12M","-2.87%"
"2022- 11- 06","174,000","174,000","174,000","174,000","","0.00%"
"2022- 11- 04","174,000","167,500","174,500","167,500","1.24M","2.96%"
"2022- 11- 03","169,000","168,500","170,500","166,000","1.01M","-2.87%"
"2022- 11- 02","174,000","170,000","177,000","169,000","1.55M","2.05%"
"2022- 11- 01","170,500","168,000","171,000","166,500","760.36K","0.59%"
"2022- 10- 31","169,500","163,500","170,500","161,500","1.58M","5.94%"
"2022- 10- 30","160,000","160,000","160,000","160,000","","0.00%"
"2022- 10- 28","160,000","158,000","161,000","157,000","772.63K","-0.62%"
"2022- 10- 27","161,000","159,000","162,000","156,000","1.05M","0.94%"
"2022- 10- 26","159,500","165,000","165,000","159,000","1.34M","-3.63%"
"2022- 10- 25","165,500","164,500","167,000","164,000","541.06K","0.91%"
"2022- 10- 24","164,000","169,000","170,000","163,000","883.58K","-1.20%"
"2022- 10- 23","166,000","166,000","166,000","166,000","","0.00%"
"2022- 10- 21","166,000","165,000","168,000","164,000","741.23K","-1.48%"
"2022- 10- 20","168,500","168,000","168,500","163,000","1.09M","0.00%"
"2022- 10- 19","168,500","172,500","173,500","168,500","1.17M","-2.32%"
"2022- 10- 18","172,500","170,500","173,000","169,000","1.41M","3.29%"
"2022- 10- 17","167,000","162,500","168,000","160,500","1.43M","0.91%"
"2022- 10- 16","165,500","165,500","165,500","165,500","","0.00%"
"2022- 10- 14","165,500","163,500","168,500","163,000","1.56M","4.42%"
"2022- 10- 13","158,500","160,500","161,000","155,000","1.45M","-2.16%"
"2022- 10- 12","162,000","158,500","164,500","158,000","1.50M","2.21%"
"2022- 10- 11","158,500","156,500","159,500","156,000","1.82M","-0.94%"
"2022- 10- 10","160,000","160,000","160,000","160,000","","0.00%"
"2022- 10- 07","160,000","164,000","167,500","159,500","2.51M","-4.19%"
"2022- 10- 06","167,000","163,500","169,000","163,000","3.40M","1.83%"
"2022- 10- 05","164,000","170,500","176,000","164,000","6.58M","-7.08%"
"2022- 10- 04","176,500","192,000","192,000","175,500","3.71M","-8.79%"
"2022- 10- 03","193,500","193,500","193,500","193,500","","0.00%"
"2022- 09- 30","193,500","191,500","198,000","190,500","911.23K","-1.53%"
"2022- 09- 29","196,500","203,000","205,000","196,000","606.60K","-2.00%"
"2022- 09- 28","200,500","202,500","203,500","198,000","568.78K","-1.96%"
"2022- 09- 27","204,500","202,500","206,000","199,000","637.08K","0.00%"
"2022- 09- 26","204,500","205,500","208,000","204,000","508.53K","-2.85%"
"2022- 09- 25","210,500","210,500","210,500","210,500","","0.00%"
"2022- 09- 23","210,500","207,500","212,500","207,500","574.89K","1.94%"
"2022- 09- 22","206,500","207,500","209,500","204,000","687.26K","-3.05%"
"2022- 09- 21","213,000","216,500","217,000","212,000","490.91K","-2.29%"
"2022- 09- 20","218,000","220,500","222,000","218,000","237.97K","0.00%"
"2022- 09- 19","218,000","219,500","221,000","217,000","480.05K","-0.91%"
"2022- 09- 18","220,000","220,000","220,000","220,000","","0.00%"
"2022- 09- 16","220,000","221,500","223,000","219,500","766.67K","-2.44%"
"2022- 09- 15","225,500","231,000","231,000","225,500","473.98K","-1.96%"
"2022- 09- 14","230,000","228,500","231,000","226,000","547.34K","-3.56%"
"2022- 09- 13","238,500","236,000","239,500","235,500","509.64K","3.02%"
"2022- 09- 08","231,500","233,000","234,500","228,500","536.68K","0.00%"
"2022- 09- 07","231,500","233,500","233,500","228,000","478.66K","-1.49%"
"2022- 09- 06","235,000","237,500","237,500","233,500","236.70K","-0.42%"
"2022- 09- 05","236,000","233,500","238,000","233,500","235.68K","0.85%"
"2022- 09- 04","234,000","234,000","234,000","234,000","","0.00%"
"2022- 09- 02","234,000","237,500","239,000","232,500","372.28K","-0.85%"
"2022- 09- 01","236,000","236,000","238,000","233,000","409.65K","-1.67%"
"2022- 08- 31","240,000","234,500","240,500","232,500","400.49K","0.84%"
"2022- 08- 30","238,000","234,500","239,500","234,500","304.56K","1.71%"
"2022- 08- 29","234,000","232,500","235,500","231,500","572.02K","-3.31%"
"2022- 08- 26","242,000","246,000","246,500","241,500","304.27K","-1.02%"
"2022- 08- 25","244,500","243,000","248,500","242,000","342.88K","1.24%"
"2022- 08- 24","241,500","242,000","243,500","240,500","342.40K","0.21%"
"2022- 08- 23","241,000","243,500","244,500","240,000","396.52K","-1.83%"
"2022- 08- 22","245,500","245,000","247,000","241,500","336.17K","-1.01%"
"2022- 08- 21","248,000","248,000","248,000","248,000","","0.00%"
"2022- 08- 19","248,000","250,500","251,000","246,000","371.00K","-0.80%"
"2022- 08- 18","250,000","254,000","256,000","249,000","698.98K","-3.10%"
"2022- 08- 17","258,000","259,000","260,000","254,500","372.49K","-0.58%"
"2022- 08- 16","259,500","268,500","269,000","258,000","849.05K","-2.26%"
"2022- 08- 15","265,500","265,500","265,500","265,500","","0.00%"
"2022- 08- 12","265,500","267,500","269,500","265,000","392.91K","-0.75%"
"2022- 08- 11","267,500","269,500","271,000","266,000","516.56K","2.10%"
"2022- 08- 10","262,000","262,500","266,000","261,000","316.39K","-1.13%"
"2022- 08- 09","265,000","261,000","267,000","259,500","527.90K","2.51%"
"2022- 08- 08","258,500","261,000","261,500","257,000","935.70K","-3.18%"
"2022- 08- 07","267,000","267,000","267,000","267,000","","0.00%"
"2022- 08- 05","267,000","277,500","281,000","265,500","946.70K","-2.38%"
"2022- 08- 04","273,500","272,500","278,000","271,000","955.43K","1.67%"
"2022- 08- 03","269,000","256,000","271,000","255,000","829.23K","3.86%"
"2022- 08- 02","259,000","260,500","260,500","254,000","482.17K","0.00%"
"2022- 08- 01","259,000","260,500","261,500","256,500","485.05K","0.00%"
"2022- 07- 31","259,000","259,000","259,000","259,000","","0.00%"
"2022- 07- 29","259,000","252,000","262,000","251,500","1.10M","4.86%"
"2022- 07- 28","247,000","251,000","255,000","245,500","560.83K","0.41%"
"2022- 07- 27","246,000","247,500","247,500","241,000","484.58K","0.41%"
"2022- 07- 26","245,000","244,500","245,000","240,500","431.38K","-1.21%"
"2022- 07- 25","248,000","248,000","249,000","244,000","379.66K","-0.80%"
"2022- 07- 24","250,000","250,000","250,000","250,000","","0.00%"
"2022- 07- 22","250,000","250,000","253,500","247,000","464.86K","-0.20%"
"2022- 07- 21","250,500","248,500","256,500","246,500","560.16K","1.83%"
"2022- 07- 20","246,000","251,000","253,500","244,500","631.64K","1.03%"
"2022- 07- 19","243,500","242,500","244,000","240,000","346.83K","-1.22%"
"2022- 07- 18","246,500","234,000","247,000","233,000","985.18K","6.71%"
"2022- 07- 15","231,000","234,500","234,500","228,000","812.77K","-1.07%"
"2022- 07- 14","233,500","232,000","236,000","231,000","609.21K","-1.68%"
"2022- 07- 13","237,500","232,000","239,000","232,000","450.56K","1.71%"
"2022- 07- 12","233,500","236,500","237,500","230,500","599.10K","-2.91%"
"2022- 07- 11","240,500","246,000","248,000","238,500","552.90K","-3.41%"
"2022- 07- 10","249,000","249,000","249,000","249,000","","0.00%"
"2022- 07- 08","249,000","247,000","252,500","246,000","651.00K","1.63%"
"2022- 07- 07","245,000","246,000","249,000","243,000","545.80K","0.62%"
"2022- 07- 06","243,500","240,000","249,500","236,500","874.07K","0.21%"
"2022- 07- 05","243,000","238,500","248,500","237,000","649.98K","3.40%"
"2022- 07- 04","235,000","237,500","240,000","230,500","510.91K","-0.84%"
"2022- 07- 03","237,000","237,000","237,000","237,000","","0.00%"
"2022- 07- 01","237,000","240,000","242,500","233,500","521.49K","-1.25%"
"2022- 06- 30","240,000","241,500","245,000","236,500","643.35K","-2.64%"
"2022- 06- 29","246,500","246,500","249,000","244,500","393.66K","-2.38%"
"2022- 06- 28","252,500","248,500","253,000","246,000","431.84K","1.41%"
"2022- 06- 27","249,000","247,500","253,500","244,500","625.36K","0.61%"
"2022- 06- 24","247,500","238,500","250,000","236,000","989.55K","5.77%"
"2022- 06- 23","234,000","229,000","239,500","229,000","891.70K","2.18%"
"2022- 06- 22","229,000","239,500","239,500","227,000","888.59K","-4.38%"
"2022- 06- 21","239,500","236,000","241,500","234,500","523.65K","2.35%"
"2022- 06- 20","234,000","239,500","241,000","230,000","715.93K","-1.47%"
"2022- 06- 19","237,500","237,500","237,500","237,500","","0.00%"
"2022- 06- 17","237,500","232,500","241,500","232,500","952.83K","-1.04%"
"2022- 06- 16","240,000","249,000","251,000","239,500","729.04K","-1.84%"
"2022- 06- 15","244,500","250,000","252,000","241,500","748.61K","-3.36%"
"2022- 06- 14","253,000","246,000","255,500","245,000","721.55K","-0.39%"
"2022- 06- 13","254,000","262,000","263,000","254,000","921.57K","-5.93%"
"2022- 06- 12","270,000","270,000","270,000","270,000","","0.00%"
"2022- 06- 10","270,000","269,000","274,500","268,500","495.31K","-1.10%"
"2022- 06- 09","273,000","275,500","277,500","269,000","751.77K","-1.80%"
"2022- 06- 08","278,000","279,500","280,000","274,500","399.77K","0.00%"
"2022- 06- 07","278,000","282,500","284,000","276,000","658.16K","-3.30%"
"2022- 06- 06","287,500","287,500","287,500","287,500","","0.00%"
"2022- 06- 03","287,500","293,500","294,500","286,000","468.41K","-0.86%"
"2022- 06- 02","290,000","290,500","291,000","284,000","606.23K","0.69%"
"2022- 06- 01","288,000","288,000","288,000","288,000","","0.00%"
"2022- 05- 31","288,000","281,500","289,500","277,500","1.51M","2.49%"
"2022- 05- 30","281,000","274,000","282,500","273,500","747.70K","4.07%"
"2022- 05- 27","270,000","271,000","272,000","268,500","445.44K","1.50%"
"2022- 05- 26","266,000","269,500","272,500","266,000","518.40K","0.00%"
"2022- 05- 25","266,000","266,500","268,500","262,500","531.82K","0.00%"
"2022- 05- 24","266,000","275,000","275,500","266,000","571.07K","-4.14%"
"2022- 05- 23","277,500","275,000","278,000","273,500","316.16K","0.91%"
"2022- 05- 22","275,000","275,000","275,000","275,000","","0.00%"
"2022- 05- 20","275,000","270,000","277,000","269,000","467.52K","1.29%"
"2022- 05- 19","271,500","268,500","273,000","266,500","613.10K","-1.81%"
"2022- 05- 18","276,500","279,500","280,500","275,000","524.38K","0.36%"
"2022- 05- 17","275,500","273,500","276,000","272,000","416.96K","0.73%"
"2022- 05- 16","273,500","278,000","279,000","273,000","384.48K","-0.36%"
"2022- 05- 15","274,500","274,500","274,500","274,500","","0.00%"
"2022- 05- 13","274,500","272,000","275,000","269,500","470.58K","1.67%"
"2022- 05- 12","270,000","273,500","276,000","270,000","608.45K","-3.23%"
"2022- 05- 11","279,000","273,500","279,000","273,000","471.95K","1.09%"
"2022- 05- 10","276,000","269,000","277,500","269,000","731.04K","0.36%"
"2022- 05- 09","275,000","269,500","277,000","269,000","525.58K","1.10%"
"2022- 05- 08","272,000","272,000","272,000","272,000","","0.00%"
"2022- 05- 06","272,000","272,500","275,000","268,000","783.75K","-3.55%"
"2022- 05- 05","282,000","282,000","282,000","282,000","","0.00%"
"2022- 05- 04","282,000","282,000","287,000","279,500","389.80K","0.00%"
"2022- 05- 03","282,000","280,500","284,000","280,000","417.34K","0.36%"
"2022- 05- 02","281,000","281,000","282,500","279,000","506.95K","-1.92%"
"2022- 05- 01","286,500","286,500","286,500","286,500","","0.00%"
"2022- 04- 29","286,500","282,500","287,500","281,500","538.74K","2.14%"
"2022- 04- 28","280,500","286,000","286,000","278,500","540.38K","0.00%"
"2022- 04- 27","280,500","279,500","282,000","277,000","869.94K","-2.26%"
"2022- 04- 26","287,000","288,500","291,500","285,000","801.96K","-0.52%"
"2022- 04- 25","288,500","292,500","295,000","288,000","816.90K","-3.83%"
"2022- 04- 24","300,000","300,000","300,000","300,000","","0.00%"
"2022- 04- 22","300,000","302,000","304,000","299,500","1.07M","-3.07%"
"2022- 04- 21","309,500","310,500","311,000","306,000","799.63K","-1.90%"
"2022- 04- 20","315,500","315,500","317,000","312,000","491.62K","1.12%"
"2022- 04- 19","312,000","308,000","314,000","307,500","365.86K","1.79%"
"2022- 04- 18","306,500","306,000","308,000","305,000","207.77K","-0.65%"
"2022- 04- 17","308,500","308,500","308,500","308,500","","0.00%"
"2022- 04- 15","308,500","309,000","314,000","305,500","368.69K","-1.44%"
"2022- 04- 14","313,000","311,500","315,500","308,500","459.09K","0.81%"
"2022- 04- 13","310,500","306,000","311,500","304,000","516.80K","0.65%"
"2022- 04- 12","308,500","306,000","311,000","305,000","464.93K","-1.44%"
"2022- 04- 11","313,000","311,000","313,000","308,000","504.23K","-1.11%"
"2022- 04- 10","316,500","316,500","316,500","316,500","","0.00%"
"2022- 04- 08","316,500","322,000","324,500","311,500","622.90K","-1.40%"
"2022- 04- 07","321,000","323,000","328,500","321,000","491.22K","-2.73%"
"2022- 04- 06","330,000","336,500","338,000","329,000","640.82K","-3.65%"
"2022- 04- 05","342,500","340,500","343,000","338,000","388.08K","1.33%"
"2022- 04- 04","338,000","335,500","339,000","332,000","283.20K","0.75%"
"2022- 04- 03","335,500","335,500","335,500","335,500","","0.00%"
"2022- 04- 01","335,500","340,000","340,500","335,500","421.03K","-1.47%"
"2022- 03- 31","340,500","341,500","342,000","338,500","403.36K","0.44%"
"2022- 03- 30","339,000","342,000","342,000","337,000","453.20K","1.50%"
"2022- 03- 29","334,000","334,500","338,000","332,000","321.59K","0.75%"
"2022- 03- 28","331,500","329,500","332,500","324,000","353.98K","-0.45%"
"2022- 03- 27","333,000","333,000","333,000","333,000","","0.00%"
"2022- 03- 25","333,000","339,500","340,000","332,500","556.34K","-2.06%"
"2022- 03- 24","340,000","339,500","342,000","335,000","525.85K","-1.59%"
"2022- 03- 23","345,500","343,000","347,500","341,500","502.52K","1.77%"
"2022- 03- 22","339,500","340,000","341,000","336,000","300.20K","0.15%"
"2022- 03- 21","339,000","347,500","347,500","336,000","397.32K","-1.60%"
"2022- 03- 20","344,500","344,500","344,500","344,500","","0.00%"
"2022- 03- 18","344,500","345,000","346,500","341,500","709.14K","0.00%"
"2022- 03- 17","344,500","337,500","348,000","337,500","1.07M","4.24%"
"2022- 03- 16","330,500","333,500","334,000","324,000","583.22K","0.92%"
"2022- 03- 15","327,500","328,500","335,000","326,000","609.87K","-0.46%"
"2022- 03- 14","329,000","328,500","338,000","325,000","678.05K","0.00%"
"2022- 03- 13","329,000","329,000","329,000","329,000","","0.00%"
"2022- 03- 11","329,000","330,000","332,000","323,000","734.60K","-0.45%"
"2022- 03- 10","330,500","319,000","337,000","316,000","1.49M","8.54%"
"2022- 03- 08","304,500","302,000","309,500","301,500","524.17K","-0.81%"
"2022- 03- 07","307,000","309,000","309,500","305,000","532.99K","-3.31%"
"2022- 03- 06","317,500","317,500","317,500","317,500","","0.00%"
"2022- 03- 04","317,500","325,500","326,000","317,000","340.52K","-2.46%"
"2022- 03- 03","325,500","319,000","327,000","318,500","579.96K","2.68%"
"2022- 03- 02","317,000","319,000","319,500","312,000","539.70K","-0.31%"
"2022- 03- 01","318,000","318,000","318,000","318,000","","0.00%"
"2022- 02- 28","318,000","312,000","318,500","310,500","541.04K","1.11%"
"2022- 02- 27","314,500","314,500","314,500","314,500","","0.00%"
"2022- 02- 25","314,500","308,000","317,500","305,000","808.47K","3.97%"
"2022- 02- 24","302,500","305,000","306,000","300,000","661.10K","-2.10%"
"2022- 02- 23","309,000","316,000","316,500","308,500","439.90K","-1.28%"
"2022- 02- 22","313,000","309,500","313,000","308,000","482.47K","-1.57%"
"2022- 02- 21","318,000","311,000","318,500","308,000","548.50K","0.00%"
"2022- 02- 20","318,000","318,000","318,000","318,000","","0.00%"
"2022- 02- 18","318,000","319,500","320,000","315,500","546.71K","-2.00%"
"2022- 02- 17","324,500","325,000","328,000","319,000","480.57K","0.00%"
"2022- 02- 16","324,500","322,500","325,500","320,000","440.97K","1.88%"
"2022- 02- 15","318,500","325,000","325,500","316,000","333.85K","-1.09%"
"2022- 02- 14","322,000","326,000","327,000","318,000","423.21K","-1.68%"
"2022- 02- 13","327,500","327,500","327,500","327,500","","0.00%"
"2022- 02- 11","327,500","326,500","330,500","323,500","449.38K","-1.21%"
"2022- 02- 10","331,500","326,500","337,500","326,500","699.74K","1.69%"
"2022- 02- 09","326,000","324,000","327,000","322,000","376.67K","1.24%"
"2022- 02- 08","322,000","329,000","329,500","320,000","426.67K","-1.53%"
"2022- 02- 07","327,000","328,500","329,000","320,500","487.58K","-0.15%"
"2022- 02- 06","327,500","327,500","327,500","327,500","","0.00%"
"2022- 02- 04","327,500","321,500","329,500","321,000","544.28K","2.18%"
"2022- 02- 03","320,500","325,500","326,000","320,000","883.13K","3.39%"
"2022- 01- 28","310,000","297,000","311,000","297,000","970.19K","2.31%"
"2022- 01- 27","303,000","307,000","315,500","303,000","938.56K","-3.19%"
"2022- 01- 26","313,000","318,500","321,000","312,000","806.38K","-2.80%"
"2022- 01- 25","322,000","329,500","331,500","318,000","797.63K","-1.98%"
"2022- 01- 24","328,500","333,000","334,000","327,500","491.54K","-1.35%"
"2022- 01- 23","333,000","333,000","333,000","333,000","","0.00%"
"2022- 01- 21","333,000","330,500","340,500","330,000","579.67K","-0.60%"
"2022- 01- 20","335,000","331,000","336,500","326,500","692.65K","0.75%"
"2022- 01- 19","332,500","330,000","334,000","328,000","743.98K","-1.63%"
"2022- 01- 18","338,000","346,500","348,000","335,500","438.03K","-1.60%"
"2022- 01- 17","343,500","340,500","346,500","339,500","416.59K","0.44%"
"2022- 01- 16","342,000","342,000","342,000","342,000","","0.00%"
"2022- 01- 14","342,000","341,000","342,500","335,500","503.52K","-1.72%"
"2022- 01- 13","348,000","348,000","352,000","344,000","658.25K","0.72%"
"2022- 01- 12","345,500","339,500","352,500","339,500","1.05M","3.13%"
"2022- 01- 11","335,000","336,000","344,500","334,500","786.47K","0.00%"
"2022- 01- 10","335,000","339,000","339,500","329,000","813.55K","-0.89%"
"2022- 01- 09","338,000","338,000","338,000","338,000","","0.00%"
"2022- 01- 07","338,000","338,000","343,500","337,000","753.66K","-0.15%"
"2022- 01- 06","338,500","348,500","349,500","337,500","1.24M","-4.65%"
"2022- 01- 05","355,000","362,000","362,000","352,000","1.13M","-2.87%"
"2022- 01- 04","365,500","376,000","376,000","365,000","801.46K","-2.79%"
"2022- 01- 03","376,000","379,000","381,000","375,500","376.19K","-0.66%"
"2021- 12- 30","378,500","381,000","382,000","376,000","366.31K","-0.92%"
"2021- 12- 29","382,000","389,000","389,000","382,000","351.97K","-0.65%"
"2021- 12- 28","384,500","380,000","385,500","378,000","529.42K","1.05%"
"2021- 12- 27","380,500","384,500","384,500","380,000","226.05K","-0.91%"
"2021- 12- 26","384,000","384,000","384,000","384,000","","0.00%"
"2021- 12- 24","384,000","378,000","388,000","378,000","412.02K","1.59%"
"2021- 12- 23","378,000","379,500","380,500","374,500","353.50K","-0.13%"
"2021- 12- 22","378,500","376,000","380,000","375,500","262.53K","0.93%"
"2021- 12- 21","375,000","370,000","379,000","370,000","423.57K","0.54%"
"2021- 12- 20","373,000","381,500","383,000","373,000","626.85K","-2.99%"
"2021- 12- 19","384,500","384,500","384,500","384,500","","0.00%"
"2021- 12- 17","384,500","387,000","387,500","383,500","471.16K","-0.77%"
"2021- 12- 16","387,500","389,500","395,500","384,500","542.54K","0.00%"
"2021- 12- 15","387,500","387,000","390,000","387,000","289.15K","-1.15%"
"2021- 12- 14","392,000","388,500","392,500","387,000","318.82K","0.38%"
"2021- 12- 13","390,500","398,000","398,000","390,000","345.84K","-1.14%"
"2021- 12- 10","395,000","394,000","396,500","393,500","219.06K","-1.13%"
"2021- 12- 09","399,500","397,000","399,500","394,000","747.26K","1.14%"
"2021- 12- 08","395,000","395,000","399,500","394,000","474.85K","1.02%"
"2021- 12- 07","391,000","390,500","392,500","388,500","376.47K","-0.26%"
"2021- 12- 06","392,000","400,500","400,500","389,500","450.48K","-2.49%"
"2021- 12- 05","402,000","402,000","402,000","402,000","","0.00%"
"2021- 12- 03","402,000","397,500","402,000","394,500","491.79K","0.88%"
"2021- 12- 02","398,500","382,500","399,000","382,000","610.19K","2.18%"
"2021- 12- 01","390,000","385,000","392,500","382,000","547.85K","2.36%"
"2021- 11- 30","381,000","391,000","392,500","381,000","1.04M","-1.42%"
"2021- 11- 29","386,500","386,500","391,500","382,500","455.34K","-0.77%"
"2021- 11- 28","389,500","389,500","389,500","389,500","","0.00%"
"2021- 11- 26","389,500","394,000","395,500","388,000","468.25K","-1.89%"
"2021- 11- 25","397,000","400,000","401,000","395,500","320.42K","0.51%"
"2021- 11- 24","395,000","399,000","401,000","392,000","552.45K","-1.25%"
"2021- 11- 23","400,000","401,000","405,000","399,500","670.97K","-2.44%"
"2021- 11- 22","410,000","403,000","411,500","400,500","554.34K","1.49%"
"2021- 11- 21","404,000","404,000","404,000","404,000","","0.00%"
"2021- 11- 19","404,000","407,000","410,000","404,000","412.61K","-0.74%"
"2021- 11- 18","407,000","403,500","413,000","402,000","695.01K","1.50%"
"2021- 11- 17","401,000","406,000","406,500","399,000","534.39K","-1.11%"
"2021- 11- 16","405,500","410,000","412,500","405,000","464.29K","-1.34%"
"2021- 11- 15","411,000","409,000","412,500","408,000","331.22K","0.49%"
"2021- 11- 14","409,000","409,000","409,000","409,000","","0.00%"
"2021- 11- 12","409,000","407,500","412,500","403,500","411.17K","0.49%"
"2021- 11- 11","407,000","411,000","413,000","405,000","553.89K","-1.81%"
"2021- 11- 10","414,500","415,500","419,000","411,000","393.47K","-0.72%"
"2021- 11- 09","417,500","409,500","419,000","408,500","540.12K","2.33%"
"2021- 11- 08","408,000","414,500","415,500","405,500","332.08K","-0.61%"
"2021- 11- 07","410,500","410,500","410,500","410,500","","0.00%"
"2021- 11- 05","410,500","411,500","415,000","405,000","308.69K","-0.24%"
"2021- 11- 04","411,500","409,500","415,500","406,500","533.71K","2.24%"
"2021- 11- 03","402,500","410,000","411,000","400,000","365.67K","-1.83%"
"2021- 11- 02","410,000","409,500","414,500","409,000","349.52K","0.37%"
"2021- 11- 01","408,500","407,000","411,500","404,000","336.40K","0.37%"
"2021- 10- 31","407,000","407,000","407,000","407,000","","0.00%"
"2021- 10- 29","407,000","413,000","414,500","405,500","466.14K","-1.45%"
"2021- 10- 28","413,000","419,000","419,500","411,500","487.81K","-0.36%"
"2021- 10- 27","414,500","415,000","419,000","411,500","495.12K","0.48%"
"2021- 10- 26","412,500","402,500","413,500","402,500","467.63K","2.48%"
"2021- 10- 25","402,500","408,500","413,000","401,500","460.93K","-1.23%"
"2021- 10- 24","407,500","407,500","407,500","407,500","","0.00%"
"2021- 10- 22","407,500","411,500","411,500","402,500","394.35K","-0.73%"
"2021- 10- 21","410,500","407,500","412,000","404,000","474.36K","0.74%"
"2021- 10- 20","407,500","411,500","417,000","407,000","590.02K","0.00%"
"2021- 10- 19","407,500","400,000","408,000","398,500","557.08K","2.77%"
"2021- 10- 18","396,500","395,000","399,500","389,000","448.03K","0.76%"
"2021- 10- 17","393,500","393,500","393,500","393,500","","0.00%"
"2021- 10- 15","393,500","400,000","400,000","392,000","443.19K","-0.38%"
"2021- 10- 14","395,000","387,500","396,000","385,500","686.17K","3.40%"
"2021- 10- 13","382,000","372,500","383,000","372,000","575.52K","2.69%"
"2021- 10- 12","372,000","384,500","387,000","372,000","804.96K","-4.25%"
"2021- 10- 11","388,500","388,500","388,500","388,500","","0.00%"
"2021- 10- 08","388,500","397,500","397,500","388,000","534.51K","-1.27%"
"2021- 10- 07","393,500","380,500","394,000","378,000","807.09K","5.50%"
"2021- 10- 06","373,000","373,000","383,500","371,500","822.24K","0.67%"
"2021- 10- 05","370,500","378,500","380,000","370,000","787.51K","-3.01%"
"2021- 10- 04","382,000","382,000","382,000","382,000","","0.00%"
"2021- 10- 01","382,000","388,500","389,500","381,500","391.94K","-1.55%"
"2021- 09- 30","388,000","383,000","390,000","381,000","608.70K","0.26%"
"2021- 09- 29","387,000","380,500","390,000","380,000","662.90K","-1.40%"
"2021- 09- 28","392,500","399,500","400,000","391,000","839.76K","-2.61%"
"2021- 09- 27","403,000","406,000","407,500","401,000","454.49K","-0.62%"
"2021- 09- 26","405,500","405,500","405,500","405,500","","0.00%"
"2021- 09- 24","405,500","398,500","406,000","398,000","572.57K","1.38%"
"2021- 09- 23","400,000","400,500","401,500","397,500","611.03K","-0.74%"
"2021- 09- 22","403,000","403,000","403,000","403,000","","0.00%"
"2021- 09- 17","403,000","404,500","405,000","397,500","544.85K","0.25%"
"2021- 09- 16","402,000","405,000","410,000","401,000","613.43K","0.37%"
"2021- 09- 15","400,500","403,000","409,500","400,000","706.02K","-0.50%"
"2021- 09- 14","402,500","403,500","406,500","393,500","1.62M","-1.35%"
"2021- 09- 13","408,000","405,000","414,000","402,500","768.97K","-0.49%"
"2021- 09- 12","410,000","410,000","410,000","410,000","","0.00%"
"2021- 09- 10","410,000","398,000","416,500","398,000","1.32M","2.76%"
"2021- 09- 09","399,000","400,500","406,000","396,000","1.84M","-2.56%"
"2021- 09- 08","409,500","437,500","439,000","408,000","2.44M","-7.87%"
"2021- 09- 07","444,500","450,500","453,000","444,000","353.69K","-2.09%"
"2021- 09- 06","454,000","452,500","454,500","445,500","367.51K","0.33%"
"2021- 09- 05","452,500","452,500","452,500","452,500","","0.00%"
"2021- 09- 03","452,500","442,500","452,500","441,000","644.05K","2.26%"
"2021- 09- 02","442,500","445,500","448,500","439,500","430.36K","-0.56%"
"2021- 09- 01","445,000","442,000","448,500","436,500","652.24K","1.37%"
"2021- 08- 31","439,000","430,000","439,500","427,000","737.24K","2.57%"
"2021- 08- 30","428,000","425,500","429,000","423,000","398.22K","1.90%"
"2021- 08- 29","420,000","420,000","420,000","420,000","","0.00%"
"2021- 08- 27","420,000","422,000","423,500","416,500","553.60K","-0.83%"
"2021- 08- 26","423,500","427,500","430,500","420,000","644.08K","-1.63%"
"2021- 08- 25","430,500","434,000","439,000","427,000","627.99K","-1.60%"
"2021- 08- 24","437,500","435,000","439,000","431,500","545.60K","1.86%"
"2021- 08- 23","429,500","428,000","436,000","423,500","514.97K","1.66%"
"2021- 08- 22","422,500","422,500","422,500","422,500","","0.00%"
"2021- 08- 20","422,500","425,000","432,000","421,000","586.39K","-0.47%"
"2021- 08- 19","424,500","431,000","434,000","424,500","501.09K","-1.05%"
"2021- 08- 18","429,000","429,500","433,500","421,500","462.36K","0.12%"
"2021- 08- 17","428,500","435,500","437,500","420,000","761.30K","-1.83%"
"2021- 08- 16","436,500","436,500","436,500","436,500","","0.00%"
"2021- 08- 13","436,500","445,000","446,000","433,000","479.20K","-0.91%"
"2021- 08- 12","440,500","448,000","448,500","438,000","669.26K","-1.01%"
"2021- 08- 11","445,000","445,000","449,000","442,000","445.40K","-0.34%"
"2021- 08- 10","446,500","446,000","453,500","442,500","460.97K","-0.22%"
"2021- 08- 09","447,500","438,000","449,000","435,000","526.45K","0.67%"
"2021- 08- 08","444,500","444,500","444,500","444,500","","0.00%"
"2021- 08- 06","444,500","443,000","447,500","440,500","415.29K","0.45%"
"2021- 08- 05","442,500","442,000","451,500","438,500","743.00K","2.19%"
"2021- 08- 04","433,000","425,000","434,500","423,000","544.51K","1.17%"
"2021- 08- 03","428,000","439,000","439,000","422,000","792.23K","-1.27%"
"2021- 08- 02","433,500","429,000","437,000","428,500","550.07K","0.00%"
"2021- 08- 01","433,500","433,500","433,500","433,500","","0.00%"
"2021- 07- 30","433,500","438,000","440,500","433,000","620.15K","-1.37%"
"2021- 07- 29","439,500","444,000","445,000","438,500","554.13K","-0.57%"
"2021- 07- 28","442,000","446,000","447,000","440,000","908.60K","-2.21%"
"2021- 07- 27","452,000","457,500","463,000","452,000","751.60K","0.00%"
"2021- 07- 26","452,000","460,000","465,000","447,500","851.85K","0.00%"
"2021- 07- 25","452,000","452,000","452,000","452,000","","0.00%"
"2021- 07- 23","452,000","443,500","454,500","441,000","1.06M","2.73%"
"2021- 07- 22","440,000","433,000","445,000","429,000","1.03M","2.80%"
"2021- 07- 21","428,000","443,000","446,000","428,000","880.87K","-2.51%"
"2021- 07- 20","439,000","438,500","441,500","431,000","786.75K","-0.90%"
"2021- 07- 19","443,000","443,000","449,500","438,500","695.34K","-0.89%"
"2021- 07- 18","447,000","447,000","447,000","447,000","","0.00%"
"2021- 07- 16","447,000","448,000","461,000","443,000","1.24M","-0.45%"
"2021- 07- 15","449,000","446,500","452,500","439,500","947.58K","1.13%"
"2021- 07- 14","444,000","436,000","444,500","436,000","929.98K","0.68%"
"2021- 07- 13","441,000","421,000","442,000","419,000","1.49M","5.38%"
"2021- 07- 12","418,500","418,500","421,500","413,000","473.47K","0.72%"
"2021- 07- 11","415,500","415,500","415,500","415,500","","0.00%"
"2021- 07- 09","415,500","420,000","424,000","408,000","1.09M","-1.54%"
"2021- 07- 08","422,000","419,000","431,500","418,500","1.13M","1.08%"
"2021- 07- 07","417,500","411,000","419,000","410,500","659.22K","1.95%"
"2021- 07- 06","409,500","411,500","412,500","408,000","341.75K","-0.12%"
"2021- 07- 05","410,000","415,500","418,000","408,500","491.57K","-0.97%"
"2021- 07- 04","414,000","414,000","414,000","414,000","","0.00%"
"2021- 07- 02","414,000","412,500","418,500","407,000","515.44K","0.24%"
"2021- 07- 01","413,000","418,000","423,500","410,500","589.18K","-1.08%"
"2021- 06- 30","417,500","415,000","425,000","409,000","947.74K","1.46%"
"2021- 06- 29","411,500","409,500","411,500","406,000","570.50K","0.86%"
"2021- 06- 28","408,000","406,000","413,000","403,000","618.92K","-0.49%"
"2021- 06- 27","410,000","410,000","410,000","410,000","","0.00%"
"2021- 06- 25","410,000","420,000","420,000","405,000","1.38M","-2.26%"
"2021- 06- 24","419,500","430,000","436,000","413,000","2.14M","-0.94%"
"2021- 06- 23","423,500","393,000","427,000","392,500","2.69M","8.31%"
"2021- 06- 22","391,000","400,000","400,500","391,000","698.60K","-1.51%"
"2021- 06- 21","397,000","398,000","402,000","392,000","806.61K","-0.25%"
"2021- 06- 20","398,000","398,000","398,000","398,000","","0.00%"
"2021- 06- 18","398,000","391,500","400,500","391,000","1.23M","2.18%"
"2021- 06- 17","389,500","389,500","394,500","385,000","668.12K","-0.38%"
"2021- 06- 16","391,000","384,500","395,000","383,000","787.06K","1.03%"
"2021- 06- 15","387,000","387,000","389,000","381,500","623.25K","0.00%"
"2021- 06- 14","387,000","377,500","388,000","375,500","1.20M","3.89%"
"2021- 06- 13","372,500","372,500","372,500","372,500","","0.00%"
"2021- 06- 11","372,500","378,000","378,500","367,500","654.81K","-0.27%"
"2021- 06- 10","373,500","365,000","377,000","361,500","1.50M","4.18%"
"2021- 06- 09","358,500","360,500","363,500","358,500","360.13K","-1.10%"
"2021- 06- 08","362,500","361,500","365,500","361,500","370.11K","0.00%"
"2021- 06- 07","362,500","358,500","364,000","357,000","392.49K","1.54%"
"2021- 06- 06","357,000","357,000","357,000","357,000","","0.00%"
"2021- 06- 04","357,000","360,500","360,500","355,000","431.95K","-1.38%"
"2021- 06- 03","362,000","362,500","365,000","361,000","291.11K","-0.28%"
"2021- 06- 02","363,000","367,000","369,000","362,000","395.88K","-1.09%"
"2021- 06- 01","367,000","362,500","368,500","362,500","402.95K","1.24%"
"2021- 05- 31","362,500","359,500","364,000","357,000","396.27K","1.26%"
"2021- 05- 30","358,000","358,000","358,000","358,000","","0.00%"
"2021- 05- 28","358,000","361,500","361,500","355,500","437.51K","0.00%"
"2021- 05- 27","358,000","363,000","363,500","353,500","889.88K","-1.38%"
"2021- 05- 26","363,000","359,500","366,500","359,500","542.18K","1.40%"
"2021- 05- 25","358,000","355,500","358,000","352,500","430.79K","0.70%"
"2021- 05- 24","355,500","356,500","358,500","353,000","360.89K","-1.25%"
"2021- 05- 23","360,000","360,000","360,000","360,000","","0.00%"
"2021- 05- 21","360,000","355,000","360,000","353,500","615.67K","2.56%"
"2021- 05- 20","351,000","351,500","355,000","348,500","528.61K","0.43%"
"2021- 05- 19","349,500","349,500","349,500","349,500","","0.00%"
"2021- 05- 18","349,500","347,000","349,500","345,000","443.58K","1.60%"
"2021- 05- 17","344,000","345,500","349,000","341,000","452.29K","0.44%"
"2021- 05- 16","342,500","342,500","342,500","342,500","","0.00%"
"2021- 05- 14","342,500","338,000","344,500","337,500","458.51K","1.48%"
"2021- 05- 13","337,500","337,500","341,500","334,500","920.84K","-1.60%"
"2021- 05- 12","343,000","349,500","350,500","340,500","1.05M","-1.72%"
"2021- 05- 11","349,000","356,500","358,000","347,500","1.41M","-3.59%"
"2021- 05- 10","362,000","362,500","364,000","360,000","529.29K","0.28%"
"2021- 05- 09","361,000","361,000","361,000","361,000","","0.00%"
"2021- 05- 07","361,000","360,500","364,000","360,000","444.58K","-0.14%"
"2021- 05- 06","361,500","360,500","364,500","359,500","607.84K","-0.82%"
"2021- 05- 05","364,500","364,500","364,500","364,500","","0.00%"
"2021- 05- 04","364,500","366,000","367,000","360,500","390.99K","0.41%"
"2021- 05- 03","363,000","366,000","370,500","360,500","505.60K","0.97%"
"2021- 05- 02","359,500","359,500","359,500","359,500","","0.00%"
"2021- 04- 30","359,500","366,000","366,000","353,500","1.02M","-1.91%"
"2021- 04- 29","366,500","373,500","377,500","366,000","739.98K","-1.87%"
"2021- 04- 28","373,500","381,500","382,000","373,000","483.91K","-1.71%"
"2021- 04- 27","380,000","378,000","381,500","376,000","391.15K","0.66%"
"2021- 04- 26","377,500","376,500","379,000","374,500","482.63K","-0.13%"
"2021- 04- 25","378,000","378,000","378,000","378,000","","0.00%"
"2021- 04- 23","378,000","377,500","379,500","374,000","502.69K","-0.66%"
"2021- 04- 22","380,500","382,000","384,500","380,000","392.52K","0.00%"
"2021- 04- 21","380,500","389,000","389,000","380,500","831.47K","-2.69%"
"2021- 04- 20","391,000","389,000","391,500","387,500","414.21K","0.26%"
"2021- 04- 19","390,000","391,500","393,500","388,500","447.01K","-0.38%"
"2021- 04- 18","391,500","391,500","391,500","391,500","","0.00%"
"2021- 04- 16","391,500","394,500","395,000","391,000","421.13K","0.13%"
"2021- 04- 15","391,000","391,500","398,500","386,500","886.09K","-0.13%"
"2021- 04- 14","391,500","391,500","398,000","390,000","754.19K","0.77%"
"2021- 04- 13","388,500","384,000","389,000","382,000","584.21K","0.78%"
"2021- 04- 12","385,500","384,500","393,000","383,000","673.46K","0.52%"
"2021- 04- 11","383,500","383,500","383,500","383,500","","0.00%"
"2021- 04- 09","383,500","382,000","385,000","381,500","463.51K","0.52%"
"2021- 04- 08","381,500","384,500","387,000","380,000","623.35K","-0.78%"
"2021- 04- 07","384,500","390,500","391,000","381,500","576.79K","-1.03%"
"2021- 04- 06","388,500","378,500","391,000","378,000","991.81K","3.05%"
"2021- 04- 05","377,000","379,500","380,000","374,500","418.51K","-0.66%"
"2021- 04- 04","379,500","379,500","379,500","379,500","","0.00%"
"2021- 04- 02","379,500","381,500","382,500","378,000","473.84K","0.26%"
"2021- 04- 01","378,500","375,500","379,000","372,000","545.73K","0.40%"
"2021- 03- 31","377,000","379,500","383,000","377,000","556.28K","0.13%"
"2021- 03- 30","376,500","373,500","381,000","373,500","621.62K","1.21%"
"2021- 03- 29","372,000","383,500","384,000","372,000","874.26K","-2.87%"
"2021- 03- 28","383,000","383,000","383,000","383,000","","0.00%"
"2021- 03- 26","383,000","380,000","383,000","377,000","689.12K","0.79%"
"2021- 03- 25","380,000","381,500","384,000","378,000","667.73K","-1.81%"
"2021- 03- 24","387,000","380,000","387,000","376,000","745.84K","0.26%"
"2021- 03- 23","386,000","397,000","399,000","384,000","1.06M","-2.65%"
"2021- 03- 22","396,500","402,500","405,500","393,000","902.88K","-1.37%"
"2021- 03- 21","402,000","402,000","402,000","402,000","","0.00%"
"2021- 03- 19","402,000","397,000","407,500","395,000","1.19M","-0.37%"
"2021- 03- 18","403,500","388,500","410,000","386,500","1.79M","5.22%"
"2021- 03- 17","383,500","388,000","391,500","380,500","549.30K","-0.52%"
"2021- 03- 16","385,500","384,500","389,500","384,000","567.93K","0.65%"
"2021- 03- 15","383,000","382,000","385,500","377,500","605.43K","0.66%"
"2021- 03- 14","380,500","380,500","380,500","380,500","","0.00%"
"2021- 03- 12","380,500","396,000","396,000","378,500","959.24K","1.87%"
"2021- 03- 11","373,500","372,500","377,500","366,000","1.01M","0.40%"
"2021- 03- 10","372,000","373,000","378,000","368,000","943.62K","2.90%"
"2021- 03- 09","361,500","366,500","371,500","350,000","1.28M","-1.90%"
"2021- 03- 08","368,500","382,000","386,000","366,500","1.02M","-2.38%"
"2021- 03- 07","377,500","377,500","377,500","377,500","","0.00%"
"2021- 03- 05","377,500","386,000","386,500","371,000","1.57M","-3.58%"
"2021- 03- 04","391,500","392,000","401,000","389,000","1.44M","-2.00%"
"2021- 03- 03","399,500","379,000","399,500","377,500","1.22M","5.83%"
"2021- 03- 02","377,500","389,000","390,000","375,500","1.13M","0.67%"
"2021- 03- 01","375,000","375,000","375,000","375,000","","0.00%"
"2021- 02- 26","375,000","372,000","378,500","368,500","1.15M","-2.09%"
"2021- 02- 25","383,000","380,500","384,500","374,500","750.45K","2.41%"
"2021- 02- 24","374,000","389,500","391,500","374,000","1.02M","-4.23%"
"2021- 02- 23","390,500","379,000","394,500","378,500","1.02M","1.03%"
"2021- 02- 22","386,500","400,000","405,500","384,500","1.27M","-2.89%"
"2021- 02- 21","398,000","398,000","398,000","398,000","","0.00%"
"2021- 02- 19","398,000","387,000","398,500","385,500","1.04M","2.58%"
"2021- 02- 18","388,000","391,500","400,000","386,500","1.01M","-1.02%"
"2021- 02- 17","392,000","396,500","396,500","386,000","1.16M","-0.51%"
"2021- 02- 16","394,000","391,500","405,000","390,000","1.49M","2.20%"
"2021- 02- 15","385,500","383,500","388,000","378,000","1.17M","5.18%"
"2021- 02- 14","366,500","366,500","366,500","366,500","","0.00%"
"2021- 02- 10","366,500","365,000","368,500","359,000","1.14M","2.23%"
"2021- 02- 09","358,500","359,500","362,000","355,000","665.84K","0.28%"
"2021- 02- 08","357,500","361,500","364,500","357,000","710.09K","-1.38%"
"2021- 02- 07","362,500","362,500","362,500","362,500","","0.00%"
"2021- 02- 05","362,500","363,500","371,500","356,500","979.48K","1.26%"
"2021- 02- 04","358,000","368,000","368,500","356,000","1.15M","-3.37%"
"2021- 02- 03","370,500","366,500","371,000","361,000","1.14M","2.21%"
"2021- 02- 02","362,500","358,000","373,000","353,000","1.94M","4.17%"
"2021- 02- 01","348,000","346,500","352,500","341,500","984.86K","1.46%"
"2021- 01- 31","343,000","343,000","343,000","343,000","","0.00%"
"2021- 01- 29","343,000","362,000","362,000","340,500","1.60M","-3.38%"
"2021- 01- 28","355,000","336,000","366,000","335,000","2.27M","3.95%"
"2021- 01- 27","341,500","347,000","352,000","339,500","1.10M","-0.15%"
"2021- 01- 26","342,000","350,500","351,000","338,000","1.24M","-2.01%"
"2021- 01- 25","349,000","349,000","353,000","340,000","1.57M","1.60%"
"2021- 01- 24","343,500","343,500","343,500","343,500","","0.00%"
"2021- 01- 22","343,500","332,000","350,000","326,000","3.26M","6.51%"
"2021- 01- 21","322,500","316,500","326,000","316,000","1.93M","4.71%"
"2021- 01- 20","308,000","313,500","313,500","302,000","880.23K","0.00%"
"2021- 01- 19","308,000","303,500","310,500","299,500","874.33K","2.50%"
"2021- 01- 18","300,500","304,500","308,500","300,000","862.15K","-1.80%"
"2021- 01- 17","306,000","306,000","306,000","306,000","","0.00%"
"2021- 01- 15","306,000","320,500","323,000","305,500","1.10M","-3.77%"
"2021- 01- 14","318,000","318,500","326,000","314,000","1.55M","1.27%"
"2021- 01- 13","314,000","306,000","317,500","304,000","1.84M","3.29%"
"2021- 01- 12","304,000","305,000","308,500","292,500","1.57M","-1.62%"
"2021- 01- 11","309,000","320,000","323,500","301,000","2.75M","-0.96%"
"2021- 01- 10","312,000","312,000","312,000","312,000","","0.00%"
"2021- 01- 08","312,000","293,500","312,000","290,000","3.15M","7.77%"
"2021- 01- 07","289,500","288,500","292,000","286,500","1.15M","-0.17%"
"2021- 01- 06","290,000","292,500","300,500","289,500","1.37M","-0.85%"
"2021- 01- 05","292,500","291,500","292,500","286,500","910.29K","-0.17%"
"2021- 01- 04","293,000","291,500","294,000","285,500","941.94K","0.17%"
"2020- 12- 30","292,500","285,000","293,000","284,000","1.19M","3.36%"
"2020- 12- 29","283,000","281,500","285,000","280,500","503.50K","0.71%"
"2020- 12- 28","281,000","282,000","282,500","280,000","535.65K","-0.35%"
"2020- 12- 27","282,000","282,000","282,000","282,000","","0.00%"
"2020- 12- 24","282,000","284,500","284,500","280,000","452.16K","-0.70%"
"2020- 12- 23","284,000","288,500","289,000","283,000","506.80K","0.00%"
"2020- 12- 22","284,000","285,000","293,500","284,000","748.19K","0.00%"
"2020- 12- 21","284,000","284,000","285,500","280,000","469.59K","0.53%"
"2020- 12- 20","282,500","282,500","282,500","282,500","","0.00%"
"2020- 12- 18","282,500","284,000","285,500","282,000","484.53K","-0.88%"
"2020- 12- 17","285,000","286,000","287,000","282,000","521.69K","-0.18%"
"2020- 12- 16","285,500","286,500","287,000","283,000","380.68K","0.88%"
"2020- 12- 15","283,000","286,500","287,500","282,500","491.25K","-1.05%"
"2020- 12- 14","286,000","292,500","294,000","286,000","553.55K","-1.38%"
"2020- 12- 13","290,000","290,000","290,000","290,000","","0.00%"
"2020- 12- 11","290,000","288,000","291,500","287,500","502.03K","1.40%"
"2020- 12- 10","286,000","288,000","290,000","284,500","957.39K","-0.69%"
"2020- 12- 09","288,000","285,500","289,000","285,000","532.23K","1.05%"
"2020- 12- 08","285,000","291,500","291,500","285,000","565.34K","-1.55%"
"2020- 12- 07","289,500","300,000","300,500","288,000","819.64K","-1.53%"
"2020- 12- 06","294,000","294,000","294,000","294,000","","0.00%"
"2020- 12- 04","294,000","287,500","295,500","284,500","1.17M","2.44%"
"2020- 12- 03","287,000","285,000","287,000","283,500","740.29K","1.23%"
"2020- 12- 02","283,500","287,000","287,000","282,000","551.20K","-0.70%"
"2020- 12- 01","285,500","282,000","286,000","280,000","706.62K","2.88%"
"2020- 11- 30","277,500","286,000","286,500","277,500","1.17M","-2.46%"
"2020- 11- 29","284,500","284,500","284,500","284,500","","0.00%"
"2020- 11- 27","284,500","287,000","287,500","283,000","416.00K","-0.35%"
"2020- 11- 26","285,500","280,000","285,500","280,000","792.00K","2.51%"
"2020- 11- 25","278,500","287,000","287,000","278,500","885.93K","-1.42%"
"2020- 11- 24","282,500","281,500","287,000","280,000","808.20K","0.36%"
"2020- 11- 23","281,500","282,000","282,500","278,500","562.34K","0.18%"
"2020- 11- 22","281,000","281,000","281,000","281,000","","0.00%"
"2020- 11- 20","281,000","281,500","283,500","278,500","434.64K","0.18%"
"2020- 11- 19","280,500","282,500","284,000","279,500","518.45K","-0.18%"
"2020- 11- 18","281,000","274,500","283,500","274,000","908.23K","2.18%"
"2020- 11- 17","275,000","277,500","278,000","273,500","813.97K","-1.08%"
"2020- 11- 16","278,000","282,500","283,000","277,500","884.42K","-1.07%"
"2020- 11- 15","281,000","281,000","281,000","281,000","","0.00%"
"2020- 11- 13","281,000","277,500","282,000","277,500","706.20K","0.72%"
"2020- 11- 12","279,000","283,000","285,500","279,000","947.47K","-0.36%"
"2020- 11- 11","280,000","281,000","283,000","277,500","1.18M","-1.06%"
"2020- 11- 10","283,000","287,000","288,000","282,000","1.71M","-5.03%"
"2020- 11- 09","298,000","304,000","304,500","298,000","676.93K","-1.00%"
"2020- 11- 08","301,000","301,000","301,000","301,000","","0.00%"
"2020- 11- 06","301,000","303,000","307,000","299,000","967.61K","0.67%"
"2020- 11- 05","299,000","295,000","302,000","291,500","1.08M","0.17%"
"2020- 11- 04","298,500","282,500","300,500","282,000","1.62M","5.48%"
"2020- 11- 03","283,000","284,000","287,000","280,000","1.06M","-0.88%"
"2020- 11- 02","285,500","292,000","293,000","285,500","501.14K","-1.55%"
"2020- 11- 01","290,000","290,000","290,000","290,000","","0.00%"
"2020- 10- 30","290,000","299,000","300,000","290,000","937.14K","-2.85%"
"2020- 10- 29","298,500","297,000","301,000","294,500","783.57K","0.00%"
"2020- 10- 28","298,500","282,000","298,500","281,500","693.69K","5.29%"
"2020- 10- 27","283,500","281,500","288,500","280,500","447.36K","0.71%"
"2020- 10- 26","281,500","286,500","289,000","281,500","346.81K","-1.75%"
"2020- 10- 25","286,500","286,500","286,500","286,500","","0.00%"
"2020- 10- 23","286,500","295,500","295,500","286,000","450.86K","-2.22%"
"2020- 10- 22","293,000","295,000","296,000","292,000","412.58K","-1.51%"
"2020- 10- 21","297,500","292,500","301,000","291,000","639.45K","2.59%"
"2020- 10- 20","290,000","286,500","291,000","281,000","534.77K","1.40%"
"2020- 10- 19","286,000","293,500","296,500","286,000","432.92K","-2.56%"
"2020- 10- 18","293,500","293,500","293,500","293,500","","0.00%"
"2020- 10- 16","293,500","292,500","297,500","291,500","446.15K","0.34%"
"2020- 10- 15","292,500","300,500","300,500","291,000","602.75K","-2.01%"
"2020- 10- 14","298,500","295,000","301,000","293,000","641.13K","1.19%"
"2020- 10- 13","295,000","292,000","298,000","292,000","634.36K","1.03%"
"2020- 10- 12","292,000","303,000","303,000","291,500","844.59K","-2.99%"
"2020- 10- 11","301,000","301,000","301,000","301,000","","0.00%"
"2020- 10- 08","301,000","307,500","307,500","300,000","755.57K","-1.31%"
"2020- 10- 07","305,000","302,000","305,000","299,500","532.98K","0.00%"
"2020- 10- 06","305,000","299,500","307,500","296,500","853.13K","2.18%"
"2020- 10- 05","298,500","297,500","299,000","289,500","905.32K","0.67%"
"2020- 10- 04","296,500","296,500","296,500","296,500","","0.00%"
"2020- 09- 29","296,500","303,000","303,000","294,000","648.87K","-0.67%"
"2020- 09- 28","298,500","297,000","302,000","296,000","707.20K","1.19%"
"2020- 09- 27","295,000","295,000","295,000","295,000","","0.00%"
"2020- 09- 25","295,000","296,000","297,500","289,500","640.38K","0.34%"
"2020- 09- 24","294,000","291,500","295,500","287,000","845.86K","-0.84%"
"2020- 09- 23","296,500","290,000","298,000","285,500","980.07K","4.22%"
"2020- 09- 22","284,500","290,500","295,000","282,000","861.11K","-2.57%"
"2020- 09- 21","292,000","297,000","301,500","292,000","651.55K","-2.01%"
"2020- 09- 20","298,000","298,000","298,000","298,000","","0.00%"
"2020- 09- 18","298,000","299,500","302,000","296,000","744.15K","-0.83%"
"2020- 09- 17","300,500","302,500","304,000","299,000","820.59K","-2.12%"
"2020- 09- 16","307,000","311,500","312,000","306,000","690.70K","-1.60%"
"2020- 09- 15","312,000","304,000","314,000","303,000","796.02K","2.97%"
"2020- 09- 14","303,000","307,500","308,000","300,000","604.79K","-0.98%"
"2020- 09- 13","306,000","306,000","306,000","306,000","","0.00%"
"2020- 09- 11","306,000","302,500","307,000","301,000","514.46K","-0.49%"
"2020- 09- 10","307,500","309,000","311,000","305,000","824.83K","0.99%"
"2020- 09- 09","304,500","303,000","307,000","300,000","911.68K","-2.09%"
"2020- 09- 08","311,000","316,000","318,000","305,500","984.11K","-1.11%"
"2020- 09- 07","314,500","325,500","325,500","313,500","1.29M","-4.26%"
"2020- 09- 06","328,500","328,500","328,500","328,500","","0.00%"
"2020- 09- 04","328,500","322,500","335,000","322,000","1.17M","-3.10%"
"2020- 09- 03","339,000","333,500","339,500","329,500","774.21K","1.95%"
"2020- 09- 02","332,500","332,500","335,500","327,000","804.81K","2.47%"
"2020- 09- 01","324,500","322,500","329,500","322,000","635.12K","0.62%"
"2020- 08- 31","322,500","336,500","340,000","322,000","1.52M","-3.15%"
"2020- 08- 30","333,000","333,000","333,000","333,000","","0.00%"
"2020- 08- 28","333,000","337,000","338,500","329,500","933.76K","-1.19%"
"2020- 08- 27","337,000","337,000","347,000","336,500","1.23M","0.90%"
"2020- 08- 26","334,000","321,500","338,500","321,000","1.15M","2.77%"
"2020- 08- 25","325,000","323,000","325,000","317,000","894.13K","1.56%"
"2020- 08- 24","320,000","313,000","320,000","310,000","780.25K","2.40%"
"2020- 08- 23","312,500","312,500","312,500","312,500","","0.00%"
"2020- 08- 21","312,500","311,500","314,500","308,000","770.07K","2.29%"
"2020- 08- 20","305,500","315,000","319,000","302,500","1.18M","-3.02%"
"2020- 08- 19","315,000","311,500","316,000","305,500","937.75K","2.44%"
"2020- 08- 18","307,500","307,500","317,500","305,000","1.48M","0.82%"
"2020- 08- 17","305,000","305,000","305,000","305,000","","0.00%"
"2020- 08- 14","305,000","305,000","308,500","303,000","605.78K","-0.65%"
"2020- 08- 13","307,000","310,000","311,500","304,000","1.39M","0.66%"
"2020- 08- 12","305,000","308,000","311,000","303,500","850.59K","-2.09%"
"2020- 08- 11","311,500","311,000","314,500","307,500","660.23K","-0.64%"
"2020- 08- 10","313,500","308,500","314,500","303,500","956.89K","-0.16%"
"2020- 08- 09","314,000","314,000","314,000","314,000","","0.00%"
"2020- 08- 07","314,000","324,500","325,500","312,000","1.06M","-2.48%"
"2020- 08- 06","322,000","313,000","322,000","310,500","1.03M","2.71%"
"2020- 08- 05","313,500","312,000","314,500","306,500","803.61K","0.80%"
"2020- 08- 04","311,000","317,500","322,000","307,500","1.32M","-1.11%"
"2020- 08- 03","314,500","301,500","314,500","299,000","1.33M","4.49%"
"2020- 08- 02","301,000","301,000","301,000","301,000","","0.00%"
"2020- 07- 31","301,000","299,000","303,000","296,500","1.56M","2.38%"
"2020- 07- 30","294,000","296,000","297,500","291,000","1.14M","0.68%"
"2020- 07- 29","292,000","286,000","292,000","283,000","952.07K","1.39%"
"2020- 07- 28","288,000","289,500","292,000","284,000","973.91K","1.23%"
"2020- 07- 27","284,500","281,000","287,500","276,500","687.18K","1.25%"
"2020- 07- 26","281,000","281,000","281,000","281,000","","0.00%"
"2020- 07- 24","281,000","281,000","290,500","278,500","1.23M","-1.06%"
"2020- 07- 23","284,000","272,000","284,000","271,000","1.39M","5.19%"
"2020- 07- 22","270,000","264,000","272,500","261,500","902.60K","0.00%"
"2020- 07- 21","270,000","273,000","273,500","269,000","1.17M","2.66%"
"2020- 07- 20","263,000","276,500","278,000","260,500","1.55M","-4.71%"
"2020- 07- 19","276,000","276,000","276,000","276,000","","0.00%"
"2020- 07- 17","276,000","270,000","279,500","266,000","920.47K","1.10%"
"2020- 07- 16","273,000","283,000","285,000","272,000","1.33M","-4.71%"
"2020- 07- 15","286,500","290,500","293,000","280,500","1.27M","-0.17%"
"2020- 07- 14","287,000","290,000","291,000","285,000","1.35M","-3.37%"
"2020- 07- 13","297,000","303,500","303,500","288,000","1.25M","-0.67%"
"2020- 07- 10","299,000","291,500","308,500","290,000","2.11M","4.00%"
"2020- 07- 09","287,500","286,500","296,500","284,500","2.00M","1.77%"
"2020- 07- 08","282,500","280,000","284,500","274,000","1.34M","1.07%"
"2020- 07- 07","279,500","285,000","289,500","279,000","1.36M","-0.71%"
"2020- 07- 06","281,500","278,000","287,500","278,000","1.21M","1.44%"
"2020- 07- 05","277,500","277,500","277,500","277,500","","0.00%"
"2020- 07- 03","277,500","276,500","280,500","274,500","958.35K","0.18%"
"2020- 07- 02","277,000","274,000","277,000","271,000","997.44K","2.97%"
"2020- 07- 01","269,000","270,000","275,000","266,000","653.03K","0.75%"
"2020- 06- 30","267,000","268,000","270,500","263,000","836.42K","1.14%"
"2020- 06- 29","264,000","265,000","270,500","261,000","809.47K","-1.86%"
"2020- 06- 28","269,000","269,000","269,000","269,000","","0.00%"
"2020- 06- 26","269,000","274,500","275,000","263,000","933.75K","-0.19%"
"2020- 06- 25","269,500","273,500","276,500","269,500","1.19M","-3.41%"
"2020- 06- 24","279,000","273,500","279,500","270,500","989.19K","1.09%"
"2020- 06- 23","276,000","272,000","289,000","270,500","2.08M","2.22%"
"2020- 06- 22","270,000","249,500","271,500","247,500","1.64M","8.22%"
"2020- 06- 21","249,500","249,500","249,500","249,500","","0.00%"
"2020- 06- 19","249,500","250,000","250,000","244,000","913.44K","0.81%"
"2020- 06- 18","247,500","251,500","254,000","247,000","740.88K","-1.39%"
"2020- 06- 17","251,000","244,000","252,000","243,500","1.35M","3.08%"
"2020- 06- 16","243,500","239,000","243,500","236,000","1.12M","5.18%"
"2020- 06- 15","231,500","240,000","244,500","230,500","1.30M","-4.34%"
"2020- 06- 14","242,000","242,000","242,000","242,000","","0.00%"
"2020- 06- 12","242,000","229,000","242,500","228,500","1.31M","0.62%"
"2020- 06- 11","240,500","244,000","249,000","239,000","1.42M","-1.43%"
"2020- 06- 10","244,000","241,000","247,500","240,000","1.43M","2.74%"
"2020- 06- 09","237,500","240,000","243,000","235,500","929.87K","-1.25%"
"2020- 06- 08","240,500","234,500","242,000","231,000","1.62M","4.11%"
"2020- 06- 07","231,000","231,000","231,000","231,000","","0.00%"
"2020- 06- 05","231,000","229,000","231,000","225,000","982.58K","-0.65%"
"2020- 06- 04","232,500","228,000","235,000","227,000","1.05M","3.10%"
"2020- 06- 03","225,500","235,000","235,500","225,000","1.47M","-3.63%"
"2020- 06- 02","234,000","235,000","236,000","232,000","685.46K","-1.27%"
"2020- 06- 01","237,000","233,500","237,000","230,000","1.14M","4.87%"
"2020- 05- 31","226,000","226,000","226,000","226,000","","0.00%"
"2020- 05- 29","226,000","240,000","243,000","226,000","3.05M","-6.03%"
"2020- 05- 28","240,500","226,000","241,000","222,000","1.62M","5.25%"
"2020- 05- 27","228,500","231,000","234,500","226,500","1.35M","-4.39%"
"2020- 05- 26","239,000","244,000","246,000","230,000","1.55M","-0.83%"
"2020- 05- 25","241,000","234,500","241,000","234,000","1.01M","4.56%"
"2020- 05- 24","230,500","230,500","230,500","230,500","","0.00%"
"2020- 05- 22","230,500","227,000","232,500","222,500","1.10M","2.44%"
"2020- 05- 21","225,000","227,500","233,500","222,500","1.00M","1.35%"
"2020- 05- 20","222,000","215,500","225,500","215,000","950.30K","3.98%"
"2020- 05- 19","213,500","215,000","216,500","210,500","801.28K","-0.70%"
"2020- 05- 18","215,000","215,000","218,000","211,500","636.46K","0.94%"
"2020- 05- 17","213,000","213,000","213,000","213,000","","0.00%"
"2020- 05- 15","213,000","219,000","219,500","209,500","1.02M","-2.74%"
"2020- 05- 14","219,000","214,500","222,000","214,500","864.89K","0.23%"
"2020- 05- 13","218,500","217,500","222,500","213,500","1.00M","-0.46%"
"2020- 05- 12","219,500","218,000","226,500","215,000","1.02M","2.33%"
"2020- 05- 11","214,500","214,500","221,000","214,000","598.63K","0.23%"
"2020- 05- 10","214,000","214,000","214,000","214,000","","0.00%"
"2020- 05- 08","214,000","216,000","218,500","212,000","685.66K","-0.70%"
"2020- 05- 07","215,500","211,500","220,000","210,500","935.89K","1.65%"
"2020- 05- 06","212,000","201,500","212,500","200,500","951.11K","6.53%"
"2020- 05- 05","199,000","199,000","199,000","199,000","","0.00%"
"2020- 05- 04","199,000","198,500","203,000","193,500","1.10M","0.76%"
"2020- 05- 03","197,500","197,500","197,500","197,500","","0.00%"
"2020- 04- 29","197,500","199,500","200,000","196,500","675.46K","-0.25%"
"2020- 04- 28","198,000","197,500","198,000","194,500","433.06K","0.25%"
"2020- 04- 27","197,500","193,000","200,000","192,500","896.83K","2.60%"
"2020- 04- 26","192,500","192,500","192,500","192,500","","0.00%"
"2020- 04- 24","192,500","189,000","197,500","189,000","927.25K","1.32%"
"2020- 04- 23","190,000","190,000","196,000","186,500","1.48M","4.40%"
"2020- 04- 22","182,000","175,000","182,500","173,000","611.07K","1.96%"
"2020- 04- 21","178,500","180,500","181,500","173,500","758.69K","-0.83%"
"2020- 04- 20","180,000","181,000","182,000","179,000","623.85K","0.56%"
"2020- 04- 19","179,000","179,000","179,000","179,000","","0.00%"
"2020- 04- 17","179,000","175,500","180,000","173,500","868.99K","4.99%"
"2020- 04- 16","170,500","168,000","172,500","167,500","839.34K","1.19%"
"2020- 04- 15","168,500","168,500","168,500","168,500","","0.00%"
"2020- 04- 14","168,500","168,000","170,000","166,500","519.23K","1.51%"
"2020- 04- 13","166,000","164,500","168,000","162,500","413.13K","-0.30%"
"2020- 04- 12","166,500","166,500","166,500","166,500","","0.00%"
"2020- 04- 10","166,500","166,000","167,000","164,000","482.03K","-0.60%"
"2020- 04- 09","167,500","168,500","169,000","165,000","680.86K","0.60%"
"2020- 04- 08","166,500","169,000","169,500","166,500","585.30K","-1.77%"
"2020- 04- 07","169,500","174,000","174,500","167,500","865.38K","-2.02%"
"2020- 04- 06","173,000","173,500","176,000","170,500","652.98K","0.58%"
"2020- 04- 05","172,000","172,000","172,000","172,000","","0.00%"
"2020- 04- 03","172,000","170,000","172,500","168,000","641.89K","-0.86%"
"2020- 04- 02","173,500","166,500","175,000","164,500","1.08M","6.44%"
"2020- 04- 01","163,000","166,500","171,000","163,000","708.18K","-4.12%"
"2020- 03- 31","170,000","163,500","171,000","163,500","839.50K","4.62%"
"2020- 03- 30","162,500","160,000","165,000","159,000","629.55K","-0.91%"
"2020- 03- 29","164,000","164,000","164,000","164,000","","0.00%"
"2020- 03- 27","164,000","161,500","164,500","158,500","1.20M","7.54%"
"2020- 03- 26","152,500","156,000","158,000","149,500","987.12K","-2.24%"
"2020- 03- 25","156,000","160,500","163,000","152,000","1.04M","0.00%"
"2020- 03- 24","156,000","151,500","157,000","148,000","959.85K","9.09%"
"2020- 03- 23","143,000","141,500","149,500","140,000","975.33K","-7.14%"
"2020- 03- 22","154,000","154,000","154,000","154,000","","0.00%"
"2020- 03- 20","154,000","147,500","156,500","146,000","996.00K","6.94%"
"2020- 03- 19","144,000","150,000","151,500","135,000","1.15M","-1.37%"
"2020- 03- 18","146,000","152,500","156,000","146,000","665.12K","-3.31%"
"2020- 03- 17","151,000","147,500","155,500","147,000","947.53K","-2.58%"
"2020- 03- 16","155,000","166,000","166,500","155,000","806.38K","-6.63%"
"2020- 03- 15","166,000","166,000","166,000","166,000","","0.00%"
"2020- 03- 13","166,000","151,000","168,000","149,500","1.20M","-0.30%"
"2020- 03- 12","166,500","170,000","170,000","161,000","843.85K","-2.06%"
"2020- 03- 11","170,000","172,000","174,000","167,500","483.57K","-1.16%"
"2020- 03- 10","172,000","168,000","176,000","165,000","660.39K","2.38%"
"2020- 03- 09","168,000","174,500","174,500","167,500","646.63K","-6.41%"
"2020- 03- 08","179,500","179,500","179,500","179,500","","0.00%"
"2020- 03- 06","179,500","179,500","181,000","177,500","293.84K","-0.83%"
"2020- 03- 05","181,000","180,500","181,000","178,500","405.37K","1.40%"
"2020- 03- 04","178,500","174,500","179,500","173,000","450.04K","2.00%"
"2020- 03- 03","175,000","179,000","180,000","174,000","530.61K","0.00%"
"2020- 03- 02","175,000","175,000","177,000","172,500","658.43K","0.57%"
"2020- 03- 01","174,000","174,000","174,000","174,000","","0.00%"
"2020- 02- 28","174,000","179,000","180,000","172,000","824.43K","-4.40%"
"2020- 02- 27","182,000","185,000","187,000","179,000","527.19K","-2.67%"
"2020- 02- 26","187,000","189,500","190,000","186,500","493.61K","-1.84%"
"2020- 02- 25","190,500","184,000","191,000","183,500","704.70K","3.53%"
"2020- 02- 24","184,000","185,500","187,500","183,500","566.57K","-2.90%"
"2020- 02- 21","189,500","187,500","191,000","187,000","352.97K","-0.26%"
"2020- 02- 20","190,000","189,500","191,500","187,500","426.82K","0.26%"
"2020- 02- 19","189,500","188,000","191,000","185,000","491.88K","1.61%"
"2020- 02- 18","186,500","186,500","188,500","185,500","345.46K","-1.06%"
"2020- 02- 17","188,500","184,500","189,000","184,500","312.11K","1.07%"
"2020- 02- 16","186,500","186,500","186,500","186,500","","0.00%"
"2020- 02- 14","186,500","184,000","187,500","184,000","474.15K","1.08%"
"2020- 02- 13","184,500","184,000","185,000","183,000","555.85K","-0.27%"
"2020- 02- 12","185,000","183,000","185,000","181,500","351.76K","0.27%"
"2020- 02- 11","184,500","183,500","185,000","183,000","277.42K","0.54%"
"2020- 02- 10","183,500","182,500","184,000","180,500","352.56K","-0.81%"
"2020- 02- 09","185,000","185,000","185,000","185,000","","0.00%"
"2020- 02- 07","185,000","181,500","188,500","181,000","723.30K","1.93%"
"2020- 02- 06","181,500","182,500","183,500","180,500","658.91K","0.00%"
"2020- 02- 05","181,500","181,000","183,500","178,500","634.78K","0.55%"
"2020- 02- 04","180,500","177,500","181,500","175,000","563.12K","1.69%"
"2020- 02- 03","177,500","178,000","180,500","176,000","482.23K","-1.11%"
"2020- 01- 31","179,500","180,000","180,500","177,500","526.22K","-0.28%"
"2020- 01- 30","180,000","179,500","183,000","175,000","770.88K","0.00%"
"2020- 01- 29","180,000","183,000","183,500","180,000","420.28K","0.84%"
"2020- 01- 28","178,500","182,000","184,500","178,000","476.14K","-2.46%"
"2020- 01- 23","183,000","185,000","185,500","181,500","347.28K","-1.61%"
"2020- 01- 22","186,000","185,000","190,000","184,500","421.21K","2.20%"
"2020- 01- 21","182,000","187,500","189,500","181,000","437.62K","-2.93%"
"2020- 01- 20","187,500","190,000","190,500","187,000","387.62K","-1.83%"
"2020- 01- 19","191,000","191,000","191,000","191,000","","0.00%"
"2020- 01- 17","191,000","190,500","192,500","189,500","282.99K","-0.26%"
"2020- 01- 16","191,500","190,000","192,500","189,000","245.06K","0.00%"
"2020- 01- 15","191,500","189,500","192,000","188,500","323.61K","0.52%"
"2020- 01- 14","190,500","188,000","194,500","188,000","501.17K","1.33%"
"2020- 01- 13","188,000","187,500","188,500","186,000","281.06K","0.00%"
"2020- 01- 12","188,000","188,000","188,000","188,000","","0.00%"
"2020- 01- 10","188,000","185,000","188,000","184,000","398.65K","1.08%"
"2020- 01- 09","186,000","183,500","186,500","183,500","497.84K","1.64%"
"2020- 01- 08","183,000","182,000","183,500","179,000","820.38K","-2.14%"
"2020- 01- 07","187,000","182,500","187,000","181,500","328.45K","3.60%"
"2020- 01- 06","180,500","180,000","182,000","178,000","287.87K","-0.55%"
"2020- 01- 03","181,500","185,000","186,000","180,500","454.21K","-0.55%"
"2020- 01- 02","182,500","187,500","188,000","182,000","300.35K","-2.14%"