"Date","Price","Open","High","Low","Vol.","Change %"
"2024- 12- 30","212,000","213,500","217,000","212,000","374.23K","-1.40%"
"2024- 12- 27","215,000","217,000","217,500","213,500","389.56K","-1.15%"
"2024- 12- 26","217,500","217,500","219,500","215,000","455.99K","0.46%"
"2024- 12- 24","216,500","215,000","217,000","213,000","350.80K","0.70%"
"2024- 12- 23","215,000","212,500","216,500","212,000","445.41K","2.14%"
"2024- 12- 20","210,500","210,500","211,500","206,000","700.75K","-0.71%"
"2024- 12- 19","212,000","213,000","214,000","210,500","630.38K","-2.08%"
"2024- 12- 18","216,500","207,500","217,000","207,500","709.34K","4.84%"
"2024- 12- 17","206,500","210,000","212,500","205,500","710.39K","-2.13%"
"2024- 12- 16","211,000","215,500","216,000","210,500","466.07K","-1.86%"
"2024- 12- 13","215,000","212,000","216,000","209,000","526.22K","1.65%"
"2024- 12- 12","211,500","210,500","213,000","209,500","606.32K","1.20%"
"2024- 12- 11","209,000","208,000","211,000","207,500","333.56K","-0.71%"
"2024- 12- 10","210,500","205,500","211,500","204,000","615.95K","4.73%"
"2024- 12- 09","201,000","201,000","203,000","200,000","769.97K","-1.23%"
"2024- 12- 06","203,500","203,500","206,000","200,000","767.17K","-0.49%"
"2024- 12- 05","204,500","209,000","210,500","204,000","586.07K","-2.15%"
"2024- 12- 04","209,000","208,500","213,000","207,000","916.93K","-2.56%"
"2024- 12- 03","214,500","218,000","218,000","213,500","611.16K","-0.69%"
"2024- 12- 02","216,000","219,500","220,500","215,000","518.26K","-1.14%"
"2024- 11- 29","218,500","219,000","220,000","214,500","558.70K","-0.23%"
"2024- 11- 28","219,000","224,000","225,000","218,000","591.34K","-0.90%"
"2024- 11- 27","221,000","220,000","226,500","218,500","1.09M","-1.12%"
"2024- 11- 26","223,500","218,000","224,500","216,500","720.68K","2.05%"
"2024- 11- 25","219,000","219,000","221,500","216,500","713.92K","0.92%"
"2024- 11- 22","217,000","216,000","218,500","214,500","417.51K","0.70%"
"2024- 11- 21","215,500","218,500","219,500","215,500","496.65K","-1.37%"
"2024- 11- 20","218,500","213,000","220,500","212,500","569.74K","1.39%"
"2024- 11- 19","215,500","217,000","219,000","213,000","521.28K","-0.69%"
"2024- 11- 18","217,000","206,000","218,000","206,000","1.11M","5.34%"
"2024- 11- 15","206,000","200,000","208,500","199,900","705.16K","2.23%"
"2024- 11- 14","201,500","200,500","203,500","197,300","815.37K","0.80%"
"2024- 11- 13","199,900","206,000","206,000","199,900","770.13K","-3.43%"
"2024- 11- 12","207,000","213,000","213,500","206,500","908.37K","-1.90%"
"2024- 11- 11","211,000","203,500","212,500","203,500","827.59K","3.69%"
"2024- 11- 08","203,500","209,500","210,500","202,500","705.63K","-1.93%"
"2024- 11- 07","207,500","203,500","210,500","201,000","1.00M","0.48%"
"2024- 11- 06","206,500","214,000","214,500","205,500","1.83M","-3.95%"
"2024- 11- 05","215,000","214,000","215,500","211,500","588.85K","-0.69%"
"2024- 11- 04","216,500","215,000","220,500","214,000","742.31K","1.41%"
"2024- 11- 01","213,500","212,500","216,500","211,500","755.65K","-0.70%"
"2024- 10- 31","215,000","220,500","221,500","215,000","1.05M","-2.49%"
"2024- 10- 30","220,500","223,000","225,000","220,500","542.02K","-1.56%"
"2024- 10- 29","224,000","226,000","226,500","221,000","741.60K","-1.10%"
"2024- 10- 28","226,500","226,000","229,000","224,000","630.95K","0.44%"
"2024- 10- 25","225,500","226,500","231,000","220,500","1.11M","-1.31%"
"2024- 10- 24","228,500","241,000","241,000","228,000","1.20M","-5.19%"
"2024- 10- 23","241,000","236,500","243,000","234,000","655.55K","2.77%"
"2024- 10- 22","234,500","236,000","239,000","232,500","514.89K","-1.05%"
"2024- 10- 21","237,000","235,000","240,000","234,500","438.02K","1.07%"
"2024- 10- 18","234,500","237,000","239,000","233,000","693.41K","-0.42%"
"2024- 10- 17","235,500","245,000","246,000","235,500","913.21K","-4.66%"
"2024- 10- 16","247,000","246,000","247,000","242,000","769.67K","0.41%"
"2024- 10- 15","246,000","249,500","249,500","246,000","377.61K","-1.01%"
"2024- 10- 14","248,500","250,500","254,000","248,000","303.58K","0.00%"
"2024- 10- 11","248,500","248,000","249,500","246,500","281.15K","1.02%"
"2024- 10- 10","246,000","253,000","255,500","246,000","638.75K","0.00%"
"2024- 10- 08","246,000","244,500","247,000","244,000","412.19K","-0.40%"
"2024- 10- 07","247,000","244,000","247,000","241,000","722.40K","3.13%"
"2024- 10- 04","239,500","235,500","241,500","232,000","853.12K","1.05%"
"2024- 10- 02","237,000","237,500","241,000","236,500","948.25K","-2.87%"
"2024- 09- 30","244,000","255,500","256,000","244,000","768.77K","-4.13%"
"2024- 09- 27","254,500","257,500","259,000","253,500","469.38K","-1.74%"
"2024- 09- 26","259,000","250,000","259,000","247,500","763.37K","2.98%"
"2024- 09- 25","251,500","255,500","257,000","250,500","564.50K","-0.59%"
"2024- 09- 24","253,000","249,000","253,000","248,000","425.60K","1.61%"
"2024- 09- 23","249,000","251,500","251,500","246,500","331.25K","-0.60%"
"2024- 09- 20","250,500","250,000","251,000","247,500","799.35K","1.83%"
"2024- 09- 19","246,000","244,000","246,500","241,500","844.85K","3.80%"
"2024- 09- 13","237,000","237,500","240,500","234,500","522.02K","2.16%"
"2024- 09- 12","232,000","226,000","232,000","225,500","655.97K","3.80%"
"2024- 09- 11","223,500","229,500","230,500","221,500","769.18K","-3.25%"
"2024- 09- 10","231,000","229,500","231,000","227,000","362.96K","0.65%"
"2024- 09- 09","229,500","225,500","231,500","225,000","618.44K","0.88%"
"2024- 09- 06","227,500","228,000","230,500","223,000","699.80K","-0.66%"
"2024- 09- 05","229,000","236,000","237,500","227,000","872.10K","-1.51%"
"2024- 09- 04","232,500","231,000","236,500","229,500","935.62K","-2.11%"
"2024- 09- 03","237,500","244,000","244,500","236,000","1.02M","-3.46%"
"2024- 09- 02","246,000","256,000","256,000","245,000","997.35K","-3.72%"
"2024- 08- 30","255,500","261,000","265,500","255,500","1.11M","-1.16%"
"2024- 08- 29","258,500","261,500","267,000","256,000","1.64M","-0.19%"
"2024- 08- 28","259,000","249,500","261,000","246,000","1.15M","4.65%"
"2024- 08- 27","247,500","248,500","251,000","244,500","547.74K","-0.80%"
"2024- 08- 26","249,500","255,500","258,000","247,500","465.76K","-1.19%"
"2024- 08- 23","252,500","245,500","254,000","245,000","445.92K","1.81%"
"2024- 08- 22","248,000","253,500","254,000","245,500","490.17K","-1.78%"
"2024- 08- 21","252,500","257,500","257,500","251,000","358.19K","-1.37%"
"2024- 08- 20","256,000","258,000","261,000","255,000","659.11K","0.39%"
"2024- 08- 19","255,000","256,000","259,500","250,000","731.59K","0.00%"
"2024- 08- 16","255,000","248,000","256,500","246,500","1.11M","5.81%"
"2024- 08- 14","241,000","245,500","248,000","238,500","497.39K","-0.82%"
"2024- 08- 13","243,000","242,000","245,500","240,000","354.44K","-0.21%"
"2024- 08- 12","243,500","246,000","249,000","242,000","466.23K","0.21%"
"2024- 08- 09","243,000","240,500","248,000","240,000","604.87K","2.75%"
"2024- 08- 08","236,500","231,500","240,000","228,500","676.30K","0.21%"
"2024- 08- 07","236,000","233,000","241,000","231,500","753.50K","0.43%"
"2024- 08- 06","235,000","233,500","241,500","228,000","1.24M","4.91%"
"2024- 08- 05","224,000","236,000","239,500","216,500","1.42M","-8.20%"
"2024- 08- 02","244,000","242,500","248,000","242,000","886.26K","-3.75%"
"2024- 08- 01","253,500","251,000","258,500","251,000","731.26K","1.81%"
"2024- 07- 31","249,000","250,000","253,500","247,500","578.21K","-0.40%"
"2024- 07- 30","250,000","253,000","258,000","249,500","593.29K","-2.15%"
"2024- 07- 29","255,500","244,000","260,000","243,000","1.30M","4.93%"
"2024- 07- 26","243,500","248,500","250,500","232,000","2.59M","-3.18%"
"2024- 07- 25","251,500","253,000","255,000","247,500","814.80K","-2.71%"
"2024- 07- 24","258,500","259,500","263,500","257,500","589.86K","-1.90%"
"2024- 07- 23","263,500","258,000","264,500","257,500","800.95K","3.33%"
"2024- 07- 22","255,000","259,000","261,500","251,000","762.95K","-1.35%"
"2024- 07- 19","258,500","258,500","259,500","254,000","732.12K","-0.77%"
"2024- 07- 18","260,500","267,000","267,500","256,500","1.08M","-2.98%"
"2024- 07- 17","268,500","275,500","275,500","268,000","509.68K","-2.19%"
"2024- 07- 16","274,500","270,500","276,000","270,000","550.18K","2.23%"
"2024- 07- 15","268,500","273,000","273,500","267,500","537.12K","-1.10%"
"2024- 07- 12","271,500","277,500","278,500","268,000","663.20K","-2.51%"
"2024- 07- 11","278,500","277,000","278,500","274,500","649.27K","1.46%"
"2024- 07- 10","274,500","275,000","277,500","272,500","662.98K","0.00%"
"2024- 07- 09","274,500","284,000","285,500","272,500","1.13M","-3.00%"
"2024- 07- 08","283,000","282,000","289,500","281,000","602.32K","0.71%"
"2024- 07- 05","281,000","277,500","282,000","277,000","582.85K","1.26%"
"2024- 07- 04","277,500","277,500","281,000","274,500","549.43K","0.54%"
"2024- 07- 03","276,000","275,000","281,500","272,500","1.07M","1.28%"
"2024- 07- 02","272,500","283,000","283,500","271,000","1.55M","-4.72%"
"2024- 07- 01","286,000","292,000","296,000","285,500","852.85K","-3.05%"
"2024- 06- 28","295,000","299,500","299,500","293,000","756.09K","-1.01%"
"2024- 06- 27","298,000","287,000","298,500","286,500","1.15M","2.94%"
"2024- 06- 26","289,500","289,000","293,500","286,500","689.55K","0.35%"
"2024- 06- 25","288,500","281,000","292,500","280,000","1.02M","2.67%"
"2024- 06- 24","281,000","277,000","283,000","275,500","594.87K","0.36%"
"2024- 06- 21","280,000","283,500","285,000","279,000","863.41K","-1.93%"
"2024- 06- 20","285,500","285,500","288,000","282,500","625.55K","-0.35%"
"2024- 06- 19","286,500","286,500","292,500","284,000","1.23M","1.24%"
"2024- 06- 18","283,000","280,500","290,000","278,500","1.64M","1.62%"
"2024- 06- 17","278,500","276,000","285,000","275,500","1.93M","3.92%"
"2024- 06- 14","268,000","268,500","274,000","267,000","775.23K","-0.37%"
"2024- 06- 13","269,000","273,000","281,000","269,000","1.85M","-0.37%"
"2024- 06- 12","270,000","273,000","273,000","268,000","565.05K","-0.37%"
"2024- 06- 11","271,000","270,500","273,500","267,500","964.84K","1.31%"
"2024- 06- 10","267,500","261,500","271,500","261,000","942.89K","0.94%"
"2024- 06- 07","265,000","262,500","266,500","261,500","517.23K","0.38%"
"2024- 06- 05","264,000","261,000","267,500","256,500","852.75K","1.93%"
"2024- 06- 04","259,000","262,500","265,500","258,000","654.85K","-2.26%"
"2024- 06- 03","265,000","257,500","270,000","257,000","1.18M","4.74%"
"2024- 05- 31","253,000","259,500","260,000","253,000","906.70K","-1.56%"
"2024- 05- 30","257,000","260,500","264,000","255,500","635.89K","-1.53%"
"2024- 05- 29","261,000","262,500","265,000","257,000","959.30K","-1.51%"
"2024- 05- 28","265,000","265,000","270,000","263,500","590.83K","-0.19%"
"2024- 05- 27","265,500","267,500","271,500","262,000","1.01M","-0.75%"
"2024- 05- 24","267,500","268,500","274,500","266,000","1.05M","-1.47%"
"2024- 05- 23","271,500","273,500","275,000","267,500","1.87M","-1.99%"
"2024- 05- 22","277,000","253,000","277,500","251,000","3.32M","9.49%"
"2024- 05- 21","253,000","249,000","254,000","248,000","564.14K","1.00%"
"2024- 05- 20","250,500","245,500","255,000","244,500","845.84K","2.66%"
"2024- 05- 17","244,000","247,000","249,500","244,000","407.13K","-1.21%"
"2024- 05- 16","247,000","248,000","248,500","245,500","556.26K","0.20%"
"2024- 05- 14","246,500","245,500","247,000","243,000","668.10K","0.61%"
"2024- 05- 13","245,000","242,500","247,500","242,000","547.88K","1.45%"
"2024- 05- 10","241,500","239,000","243,000","237,000","453.31K","1.90%"
"2024- 05- 09","237,000","242,000","242,500","235,000","702.30K","-2.07%"
"2024- 05- 08","242,000","240,500","244,000","240,000","436.83K","0.00%"
"2024- 05- 07","242,000","242,500","246,000","240,000","797.16K","0.41%"
"2024- 05- 03","241,000","250,000","250,500","241,000","721.22K","-3.21%"
"2024- 05- 02","249,000","249,000","251,500","246,500","599.89K","-0.80%"
"2024- 04- 30","251,000","250,000","253,000","248,000","537.42K","-0.20%"
"2024- 04- 29","251,500","249,000","254,500","245,500","850.13K","0.80%"
"2024- 04- 26","249,500","250,000","253,500","243,000","977.03K","-0.20%"
"2024- 04- 25","250,000","251,000","254,000","246,000","1.29M","-0.99%"
"2024- 04- 24","252,500","249,000","253,500","247,500","1.24M","1.20%"
"2024- 04- 23","249,500","250,000","251,500","246,000","1.14M","1.84%"
"2024- 04- 22","245,000","240,000","246,000","239,500","1.31M","4.26%"
"2024- 04- 19","235,000","231,000","237,000","229,000","1.12M","1.73%"
"2024- 04- 18","231,000","237,000","239,000","228,500","1.11M","-1.07%"
"2024- 04- 17","233,500","242,000","243,000","233,500","1.03M","-3.51%"
"2024- 04- 16","242,000","239,000","244,500","236,500","1.18M","0.21%"
"2024- 04- 15","241,500","236,000","243,000","233,500","1.01M","1.47%"
"2024- 04- 12","238,000","241,000","241,500","237,000","993.90K","-1.24%"
"2024- 04- 11","241,000","222,000","241,000","220,000","1.85M","5.70%"
"2024- 04- 09","228,000","234,500","236,500","228,000","660.85K","-1.94%"
"2024- 04- 08","232,500","227,000","238,000","226,000","1.21M","3.10%"
"2024- 04- 05","225,500","223,500","230,000","223,000","1.11M","-0.22%"
"2024- 04- 04","226,000","218,500","228,500","216,500","1.31M","4.63%"
"2024- 04- 03","216,000","219,000","223,500","214,500","1.10M","-1.82%"
"2024- 04- 02","220,000","225,000","226,500","216,500","1.72M","-3.30%"
"2024- 04- 01","227,500","234,500","235,000","227,000","878.09K","-2.36%"
"2024- 03- 29","233,000","238,000","239,000","232,000","839.11K","-1.69%"
"2024- 03- 28","237,000","246,000","246,000","236,000","980.84K","-2.87%"
"2024- 03- 27","244,000","241,000","247,500","240,500","808.44K","1.46%"
"2024- 03- 26","240,500","239,000","244,000","238,500","792.39K","0.42%"
"2024- 03- 25","239,500","244,000","245,500","239,500","774.97K","-1.64%"
"2024- 03- 22","243,500","252,500","254,000","241,000","1.08M","-3.37%"
"2024- 03- 21","252,000","247,000","254,000","246,000","1.55M","4.56%"
"2024- 03- 20","241,000","240,000","246,000","237,500","1.23M","1.47%"
"2024- 03- 19","237,500","241,000","244,000","236,000","939.93K","-2.06%"
"2024- 03- 18","242,500","244,000","247,500","241,000","716.11K","-0.41%"
"2024- 03- 17","243,500","250,000","243,500","243,500","0.88K","0.00%"
"2024- 03- 15","243,500","250,000","254,500","243,500","1.16M","-3.18%"
"2024- 03- 14","251,500","248,000","255,000","246,000","1.56M","1.21%"
"2024- 03- 13","248,500","243,500","250,000","241,000","1.41M","2.90%"
"2024- 03- 12","241,500","244,000","247,000","240,000","1.09M","-0.82%"
"2024- 03- 11","243,500","251,000","252,500","242,000","1.17M","-3.75%"
"2024- 03- 10","253,000","253,000","253,000","253,000","","0.00%"
"2024- 03- 08","253,000","251,500","255,000","249,500","1.20M","1.20%"
"2024- 03- 07","250,000","252,500","258,000","247,500","983.20K","-0.40%"
"2024- 03- 06","251,000","247,000","254,000","246,000","1.09M","0.80%"
"2024- 03- 05","249,000","251,500","254,500","247,500","1.43M","-2.54%"
"2024- 03- 04","255,500","255,500","260,000","253,000","1.84M","2.00%"
"2024- 03- 03","250,500","250,500","250,500","250,500","","0.00%"
"2024- 02- 29","250,500","246,500","253,500","243,500","2.03M","1.01%"
"2024- 02- 28","248,000","234,000","250,000","231,500","1.90M","3.98%"
"2024- 02- 27","238,500","239,000","244,500","237,500","1.24M","-0.21%"
"2024- 02- 26","239,000","237,500","241,000","231,500","1.74M","-2.05%"
"2024- 02- 25","244,000","244,000","244,000","244,000","","0.00%"
"2024- 02- 23","244,000","244,000","249,500","242,000","1.64M","0.21%"
"2024- 02- 22","243,500","239,000","245,500","237,500","1.47M","1.67%"
"2024- 02- 21","239,500","242,000","246,000","237,500","1.13M","-1.03%"
"2024- 02- 20","242,000","250,000","253,000","238,500","1.91M","-4.16%"
"2024- 02- 19","252,500","253,500","257,000","248,500","1.78M","0.00%"
"2024- 02- 18","252,500","252,500","252,500","252,500","","0.00%"
"2024- 02- 16","252,500","241,500","253,000","235,500","2.23M","5.21%"
"2024- 02- 15","240,000","250,000","250,500","237,000","2.09M","-2.24%"
"2024- 02- 14","245,500","245,000","251,000","244,500","1.67M","-1.41%"
"2024- 02- 13","249,000","251,000","261,000","247,500","2.66M","-0.40%"
"2024- 02- 12","250,000","250,000","250,000","250,000","","0.00%"
"2024- 02- 08","250,000","243,000","250,500","241,500","2.99M","2.04%"
"2024- 02- 07","245,000","239,000","246,500","238,000","2.69M","4.03%"
"2024- 02- 06","235,500","234,000","240,000","230,500","3.10M","-1.05%"
"2024- 02- 05","238,000","233,500","239,500","226,000","5.70M","4.85%"
"2024- 02- 04","227,000","227,000","227,000","227,000","","0.00%"
"2024- 02- 02","227,000","221,500","228,000","214,000","5.81M","9.13%"
"2024- 02- 01","208,000","193,900","209,000","193,500","2.85M","6.89%"
"2024- 01- 31","194,600","189,300","195,400","188,500","1.01M","2.42%"
"2024- 01- 30","190,000","196,000","196,600","189,300","950.83K","-2.86%"
"2024- 01- 29","195,600","187,300","197,300","186,600","1.19M","4.43%"
"2024- 01- 28","187,300","187,300","187,300","187,300","","0.00%"
"2024- 01- 26","187,300","189,300","189,600","186,500","465.40K","-0.74%"
"2024- 01- 25","188,700","184,400","190,500","183,500","746.50K","2.00%"
"2024- 01- 24","185,000","185,300","185,400","182,100","345.24K","0.11%"
"2024- 01- 23","184,800","181,200","184,800","180,900","374.09K","2.61%"
"2024- 01- 22","180,100","182,300","182,400","179,800","354.12K","-0.88%"
"2024- 01- 21","181,700","181,700","181,700","181,700","","0.00%"
"2024- 01- 19","181,700","183,000","183,000","180,100","287.50K","0.83%"
"2024- 01- 18","180,200","180,000","182,500","179,900","431.33K","-0.88%"
"2024- 01- 17","181,800","186,300","186,400","181,000","479.48K","-2.36%"
"2024- 01- 16","186,200","186,600","188,100","185,700","224.57K","-0.69%"
"2024- 01- 15","187,500","186,000","188,600","185,800","250.35K","0.81%"
"2024- 01- 14","186,000","186,000","186,000","186,000","","0.00%"
"2024- 01- 12","186,000","186,600","187,400","185,800","239.48K","-0.53%"
"2024- 01- 11","187,000","187,200","189,000","187,000","532.72K","0.16%"
"2024- 01- 10","186,700","185,600","187,300","185,200","324.84K","0.59%"
"2024- 01- 09","185,600","187,800","187,800","185,500","346.45K","-0.05%"
"2024- 01- 08","185,700","187,600","188,900","185,500","321.88K","-0.85%"
"2024- 01- 07","187,300","187,300","187,300","187,300","","0.00%"
"2024- 01- 05","187,300","190,100","190,500","187,200","437.61K","-1.42%"
"2024- 01- 04","190,000","192,000","192,800","189,100","503.56K","-1.96%"
"2024- 01- 03","193,800","199,100","199,500","193,800","546.36K","-3.34%"
"2024- 01- 02","200,500","202,000","202,500","199,800","371.66K","-1.47%"
"2023- 12- 28","203,500","198,800","203,500","198,400","744.87K","2.52%"
"2023- 12- 27","198,500","198,700","199,300","197,200","323.75K","-0.15%"
"2023- 12- 26","198,800","200,500","200,500","197,700","406.75K","-0.10%"
"2023- 12- 25","199,000","199,000","199,000","199,000","","0.00%"
"2023- 12- 22","199,000","200,000","200,500","198,500","345.94K","0.15%"
"2023- 12- 21","198,700","197,500","202,000","197,100","541.22K","-0.20%"
"2023- 12- 20","199,100","192,700","199,700","192,600","958.81K","3.59%"
"2023- 12- 19","192,200","191,900","192,900","190,800","271.54K","0.10%"
"2023- 12- 18","192,000","192,800","193,000","190,000","480.11K","-0.41%"
"2023- 12- 17","192,800","192,800","192,800","192,800","","0.00%"
"2023- 12- 15","192,800","185,800","192,800","185,200","1.20M","4.33%"
"2023- 12- 14","184,800","187,000","187,100","184,200","756.49K","-0.11%"
"2023- 12- 13","185,000","185,300","186,200","184,400","286.19K","-0.32%"
"2023- 12- 12","185,600","185,500","186,400","185,000","326.92K","0.11%"
"2023- 12- 11","185,400","185,400","185,400","184,000","217.36K","0.16%"
"2023- 12- 10","185,100","185,100","185,100","185,100","","0.00%"
"2023- 12- 08","185,100","183,600","185,700","183,400","326.72K","1.37%"
"2023- 12- 07","182,600","181,400","183,300","181,400","295.42K","-0.16%"
"2023- 12- 06","182,900","181,100","183,400","181,100","279.26K","0.83%"
"2023- 12- 05","181,400","181,600","182,000","180,700","273.68K","-0.11%"
"2023- 12- 04","181,600","183,900","184,100","181,600","299.62K","-0.66%"
"2023- 12- 03","182,800","182,800","182,800","182,800","","0.00%"
"2023- 12- 01","182,800","183,300","183,800","181,700","297.55K","-0.81%"
"2023- 11- 30","184,300","184,200","184,900","182,100","551.81K","-0.27%"
"2023- 11- 29","184,800","185,700","186,500","184,700","283.94K","-0.48%"
"2023- 11- 28","185,700","185,900","185,900","183,600","269.10K","0.43%"
"2023- 11- 27","184,900","184,000","185,700","184,000","187.66K","0.49%"
"2023- 11- 26","184,000","184,000","184,000","184,000","","0.00%"
"2023- 11- 24","184,000","184,600","185,600","183,900","160.95K","-0.43%"
"2023- 11- 23","184,800","183,600","185,000","182,400","240.05K","0.98%"
"2023- 11- 22","183,000","182,300","183,400","181,200","218.51K","-0.65%"
"2023- 11- 21","184,200","184,700","184,800","183,500","252.13K","0.33%"
"2023- 11- 20","183,600","184,400","184,900","182,100","277.01K","-0.43%"
"2023- 11- 19","184,400","184,400","184,400","184,400","","0.00%"
"2023- 11- 17","184,400","185,900","185,900","183,500","259.42K","-0.22%"
"2023- 11- 16","184,800","182,500","186,400","181,800","421.76K","1.26%"
"2023- 11- 15","182,500","178,700","182,600","178,600","803.24K","4.17%"
"2023- 11- 14","175,200","174,900","175,900","173,900","327.98K","1.10%"
"2023- 11- 13","173,300","175,000","175,000","172,800","320.60K","-0.23%"
"2023- 11- 10","173,700","173,800","175,300","173,500","248.41K","-0.57%"
"2023- 11- 09","174,700","174,700","175,700","174,200","374.38K","-0.06%"
"2023- 11- 08","174,800","177,900","179,000","174,500","393.64K","-0.74%"
"2023- 11- 07","176,100","177,500","177,500","174,200","531.63K","-1.01%"
"2023- 11- 06","177,900","175,400","177,900","174,900","657.27K","2.60%"
"2023- 11- 03","173,400","175,000","175,400","172,700","430.11K","0.81%"
"2023- 11- 02","172,000","172,000","175,100","171,500","657.82K","1.00%"
"2023- 11- 01","170,300","170,800","171,500","169,400","448.00K","0.35%"
"2023- 10- 31","169,700","174,300","175,900","169,300","683.09K","-1.62%"
"2023- 10- 30","172,500","175,000","176,300","171,400","724.26K","-1.77%"
"2023- 10- 29","175,600","175,600","175,600","175,600","","0.00%"
"2023- 10- 27","175,600","181,200","182,900","174,600","782.58K","-2.17%"
"2023- 10- 26","179,500","180,300","182,500","178,500","633.94K","-1.37%"
"2023- 10- 25","182,000","182,700","183,700","182,000","373.25K","-0.44%"
"2023- 10- 24","182,800","186,900","187,000","181,400","416.79K","-1.40%"
"2023- 10- 23","185,400","184,200","186,100","183,800","285.78K","1.04%"
"2023- 10- 22","183,500","183,500","183,500","183,500","","0.00%"
"2023- 10- 20","183,500","187,800","188,600","183,500","596.69K","-2.86%"
"2023- 10- 19","188,900","189,900","190,800","188,800","382.14K","-1.51%"
"2023- 10- 18","191,800","190,400","193,000","189,500","532.29K","1.75%"
"2023- 10- 17","188,500","188,300","189,300","187,100","411.94K","0.91%"
"2023- 10- 16","186,800","186,900","188,300","186,500","290.44K","-0.16%"
"2023- 10- 15","187,100","187,100","187,100","187,100","","0.00%"
"2023- 10- 13","187,100","187,500","188,400","187,100","253.07K","-0.48%"
"2023- 10- 12","188,000","189,600","189,800","187,700","449.44K","-0.74%"
"2023- 10- 11","189,400","189,000","191,400","189,000","429.00K","0.53%"
"2023- 10- 10","188,400","192,700","192,800","187,700","573.81K","-1.98%"
"2023- 10- 09","192,200","192,200","192,200","192,200","","0.00%"
"2023- 10- 06","192,200","191,000","192,600","189,600","332.79K","0.89%"
"2023- 10- 05","190,500","190,900","192,200","189,500","394.90K","-0.16%"
"2023- 10- 04","190,800","188,000","193,200","187,100","631.82K","-0.16%"
"2023- 10- 03","191,100","191,100","191,100","191,100","","0.00%"
"2023- 09- 27","191,100","189,200","192,400","189,000","321.70K","0.21%"
"2023- 09- 26","190,700","191,600","192,900","189,900","301.31K","-1.14%"
"2023- 09- 25","192,900","191,700","193,500","189,600","345.21K","0.73%"
"2023- 09- 24","191,500","191,500","191,500","191,500","","0.00%"
"2023- 09- 22","191,500","189,600","192,400","189,200","319.18K","-0.21%"
"2023- 09- 21","191,900","194,400","194,500","191,600","321.71K","-1.54%"
"2023- 09- 20","194,900","190,600","196,000","190,000","630.89K","2.58%"
"2023- 09- 19","190,000","191,500","193,200","190,000","289.09K","-0.52%"
"2023- 09- 18","191,000","191,200","192,200","190,200","289.26K","-0.62%"
"2023- 09- 17","192,200","192,200","192,200","192,200","","0.00%"
"2023- 09- 15","192,200","190,700","192,700","189,100","511.61K","0.79%"
"2023- 09- 14","190,700","191,200","191,200","188,600","627.28K","0.47%"
"2023- 09- 13","189,800","187,300","190,700","187,200","578.38K","1.93%"
"2023- 09- 12","186,200","186,500","188,400","185,600","272.91K","0.38%"
"2023- 09- 11","185,500","185,700","186,300","184,400","194.26K","-0.11%"
"2023- 09- 10","185,700","185,700","185,700","185,700","","0.00%"
"2023- 09- 08","185,700","187,500","187,500","185,200","190.72K","-0.80%"
"2023- 09- 07","187,200","185,500","187,200","185,400","297.90K","0.27%"
"2023- 09- 06","186,700","186,000","188,300","186,000","259.08K","0.05%"
"2023- 09- 05","186,600","186,500","186,900","185,600","289.73K","-0.37%"
"2023- 09- 04","187,300","186,400","187,400","185,600","306.48K","-0.05%"
"2023- 09- 03","187,400","187,400","187,400","187,400","","0.00%"
"2023- 09- 01","187,400","188,000","188,900","186,700","280.29K","-0.90%"
"2023- 08- 31","189,100","187,800","189,100","186,200","582.79K","0.69%"
"2023- 08- 30","187,800","188,600","189,300","187,800","330.22K","0.59%"
"2023- 08- 29","186,700","185,500","188,200","185,400","315.80K","0.70%"
"2023- 08- 28","185,400","186,200","186,900","184,700","297.83K","-0.43%"
"2023- 08- 27","186,200","186,200","186,200","186,200","","0.00%"
"2023- 08- 25","186,200","184,200","187,000","184,200","363.25K","-0.11%"
"2023- 08- 24","186,400","188,300","189,300","186,000","318.10K","-0.59%"
"2023- 08- 23","187,500","186,500","188,700","186,000","251.61K","-0.21%"
"2023- 08- 22","187,900","186,200","187,900","186,200","296.84K","0.97%"
"2023- 08- 21","186,100","187,000","187,200","185,300","279.03K","0.00%"
"2023- 08- 20","186,100","186,100","186,100","186,100","","0.00%"
"2023- 08- 18","186,100","182,600","187,500","182,600","419.45K","0.70%"
"2023- 08- 17","184,800","184,900","185,500","182,600","456.26K","-0.54%"
"2023- 08- 16","185,800","186,900","188,100","185,300","556.59K","-1.59%"
"2023- 08- 15","188,800","188,800","188,800","188,800","","0.00%"
"2023- 08- 14","188,800","190,000","190,500","188,300","295.17K","-0.89%"
"2023- 08- 13","190,500","190,500","190,500","190,500","","0.00%"
"2023- 08- 11","190,500","188,900","193,200","188,400","524.01K","1.11%"
"2023- 08- 10","188,400","189,000","190,300","188,100","487.64K","-0.53%"
"2023- 08- 09","189,400","188,400","189,800","187,500","365.26K","0.53%"
"2023- 08- 08","188,400","188,000","190,500","187,700","555.93K","0.21%"
"2023- 08- 07","188,000","191,000","191,100","187,300","838.68K","-2.19%"
"2023- 08- 06","192,200","192,200","192,200","192,200","","0.00%"
"2023- 08- 04","192,200","191,600","193,400","190,500","371.13K","0.26%"
"2023- 08- 03","191,700","192,500","194,300","190,800","529.35K","-0.42%"
"2023- 08- 02","192,500","197,800","198,800","192,400","911.13K","-3.46%"
"2023- 08- 01","199,400","195,200","199,600","194,600","694.07K","1.73%"
"2023- 07- 31","196,000","198,000","198,200","195,100","666.82K","-0.41%"
"2023- 07- 30","196,800","196,800","196,800","196,800","","0.00%"
"2023- 07- 28","196,800","196,500","201,500","196,500","778.34K","-0.51%"
"2023- 07- 27","197,800","202,500","203,000","194,000","1.24M","-0.45%"
"2023- 07- 26","198,700","201,000","202,000","195,000","1.34M","-0.90%"
"2023- 07- 25","200,500","199,900","202,500","199,200","490.09K","0.65%"
"2023- 07- 24","199,200","199,100","200,500","197,600","612.52K","-0.40%"
"2023- 07- 23","200,000","200,000","200,000","200,000","","0.00%"
"2023- 07- 21","200,000","199,700","201,000","198,200","506.51K","-0.25%"
"2023- 07- 20","200,500","202,000","204,000","200,000","527.67K","-0.74%"
"2023- 07- 19","202,000","201,500","203,500","200,000","490.07K","0.25%"
"2023- 07- 18","201,500","204,000","205,000","201,000","498.40K","-0.98%"
"2023- 07- 17","203,500","207,000","208,500","203,500","514.29K","-2.40%"
"2023- 07- 16","208,500","208,500","208,500","208,500","","0.00%"
"2023- 07- 14","208,500","204,500","209,000","204,500","654.41K","2.46%"
"2023- 07- 13","203,500","205,000","205,000","203,000","539.93K","0.00%"
"2023- 07- 12","203,500","206,000","206,500","202,500","501.41K","-1.69%"
"2023- 07- 11","207,000","206,500","208,000","205,000","536.88K","0.73%"
"2023- 07- 10","205,500","205,000","208,000","202,000","509.91K","0.74%"
"2023- 07- 09","204,000","204,000","204,000","204,000","","0.00%"
"2023- 07- 07","204,000","205,500","206,000","202,500","474.94K","-1.21%"
"2023- 07- 06","206,500","204,000","208,500","204,000","641.76K","0.49%"
"2023- 07- 05","205,500","208,000","209,500","204,500","584.90K","-1.20%"
"2023- 07- 04","208,000","208,500","210,000","206,500","423.72K","-0.24%"
"2023- 07- 03","208,500","207,500","208,500","205,500","543.73K","0.97%"
"2023- 07- 02","206,500","206,500","206,500","206,500","","0.00%"
"2023- 06- 30","206,500","204,500","209,000","204,500","543.09K","0.98%"
"2023- 06- 29","204,500","205,500","206,000","204,000","314.27K","-0.73%"
"2023- 06- 28","206,000","206,000","206,500","203,000","627.23K","0.00%"
"2023- 06- 27","206,000","201,000","206,000","201,000","805.63K","2.74%"
"2023- 06- 26","200,500","199,900","202,500","199,900","305.05K","0.30%"
"2023- 06- 25","199,900","199,900","199,900","199,900","","0.00%"
"2023- 06- 23","199,900","201,000","202,000","199,000","347.95K","-1.04%"
"2023- 06- 22","202,000","202,500","203,500","200,500","390.66K","-0.98%"
"2023- 06- 21","204,000","197,900","205,000","196,300","1.02M","3.08%"
"2023- 06- 20","197,900","198,300","199,000","197,000","329.64K","-0.70%"
"2023- 06- 19","199,300","198,000","199,400","197,000","374.60K","-0.05%"
"2023- 06- 18","199,400","199,400","199,400","199,400","","0.00%"
"2023- 06- 16","199,400","201,000","201,500","198,000","544.05K","-0.15%"
"2023- 06- 15","199,700","201,500","202,000","199,400","353.85K","-0.65%"
"2023- 06- 14","201,000","198,800","201,500","198,500","658.88K","1.52%"
"2023- 06- 13","198,000","196,700","198,200","196,200","473.79K","0.92%"
"2023- 06- 12","196,200","197,500","198,500","195,100","427.94K","-0.46%"
"2023- 06- 11","197,100","197,100","197,100","197,100","","0.00%"
"2023- 06- 09","197,100","197,400","198,300","196,300","414.51K","0.20%"
"2023- 06- 08","196,700","195,500","197,200","194,000","917.01K","0.15%"
"2023- 06- 07","196,400","202,500","203,000","195,400","954.59K","-2.29%"
"2023- 06- 06","201,000","201,000","201,000","201,000","","0.00%"
"2023- 06- 05","201,000","201,500","203,500","200,000","425.95K","0.75%"
"2023- 06- 02","199,500","198,500","199,800","198,100","415.11K","1.01%"
"2023- 06- 01","197,500","199,800","199,800","196,300","788.43K","-1.25%"
"2023- 05- 31","200,000","200,500","203,000","200,000","876.40K","-0.25%"
"2023- 05- 30","200,500","207,000","207,000","200,000","858.88K","-2.43%"
"2023- 05- 29","205,500","205,500","205,500","205,500","","0.00%"
"2023- 05- 26","205,500","204,500","205,500","201,000","594.30K","0.98%"
"2023- 05- 25","203,500","206,000","206,500","203,000","525.84K","-1.93%"
"2023- 05- 24","207,500","206,000","208,000","205,500","303.68K","0.00%"
"2023- 05- 23","207,500","209,000","209,000","207,000","355.53K","0.00%"
"2023- 05- 22","207,500","206,000","208,500","204,500","467.43K","0.97%"
"2023- 05- 21","205,500","205,500","205,500","205,500","","0.00%"
"2023- 05- 19","205,500","206,000","207,500","204,000","526.48K","-0.48%"
"2023- 05- 18","206,500","207,000","207,000","205,000","475.74K","0.98%"
"2023- 05- 17","204,500","202,500","205,500","202,500","547.64K","0.99%"
"2023- 05- 16","202,500","206,500","207,500","201,000","871.57K","-2.64%"
"2023- 05- 15","208,000","207,000","209,000","204,000","591.57K","-0.24%"
"2023- 05- 14","208,500","208,500","208,500","208,500","","0.00%"
"2023- 05- 12","208,500","207,000","209,500","205,500","538.66K","0.24%"
"2023- 05- 11","208,000","211,500","211,500","208,000","915.63K","-0.95%"
"2023- 05- 10","210,000","206,000","211,000","205,000","1.47M","2.44%"
"2023- 05- 09","205,000","202,000","205,500","199,900","702.22K","1.23%"
"2023- 05- 08","202,500","201,000","203,000","200,000","588.58K","1.66%"
"2023- 05- 07","199,200","199,200","199,200","199,200","","0.00%"
"2023- 05- 04","199,200","200,000","201,000","197,400","471.52K","-0.90%"
"2023- 05- 03","201,000","200,500","202,000","198,500","458.09K","-0.25%"
"2023- 05- 02","201,500","198,500","202,000","197,700","570.53K","2.03%"
"2023- 05- 01","197,500","197,500","197,500","197,500","","0.00%"
"2023- 04- 28","197,500","203,000","203,500","196,200","1.05M","-2.23%"
"2023- 04- 27","202,000","201,500","205,000","200,500","973.03K","0.25%"
"2023- 04- 26","201,500","205,500","207,500","199,900","2.21M","0.25%"
"2023- 04- 25","201,000","193,000","201,500","191,200","2.06M","4.74%"
"2023- 04- 24","191,900","190,600","193,100","190,600","433.47K","0.79%"
"2023- 04- 23","190,400","190,400","190,400","190,400","","0.00%"
"2023- 04- 21","190,400","191,100","191,800","188,300","452.50K","-1.09%"
"2023- 04- 20","192,500","193,000","194,100","191,400","422.80K","-0.57%"
"2023- 04- 19","193,600","191,400","194,200","190,300","569.94K","1.15%"
"2023- 04- 18","191,400","192,700","193,000","188,200","960.04K","-1.85%"
"2023- 04- 17","195,000","195,400","196,100","193,800","494.82K","-0.56%"
"2023- 04- 16","196,100","196,100","196,100","196,100","","0.00%"
"2023- 04- 14","196,100","199,500","199,700","196,000","667.02K","-1.41%"
"2023- 04- 13","198,900","199,000","199,900","196,200","820.36K","0.35%"
"2023- 04- 12","198,200","195,000","199,500","194,600","1.51M","3.18%"
"2023- 04- 11","192,100","186,600","192,400","185,100","1.06M","3.34%"
"2023- 04- 10","185,900","186,000","188,500","184,200","479.26K","0.43%"
"2023- 04- 09","185,100","185,100","185,100","185,100","","0.00%"
"2023- 04- 07","185,100","185,400","186,500","184,600","434.97K","0.00%"
"2023- 04- 06","185,100","186,900","189,400","184,700","666.18K","-0.86%"
"2023- 04- 05","186,700","185,100","187,200","184,000","508.12K","1.58%"
"2023- 04- 04","183,800","184,000","186,500","183,300","507.65K","0.11%"
"2023- 04- 03","183,600","184,600","185,500","182,300","529.88K","-0.49%"
"2023- 04- 02","184,500","184,500","184,500","184,500","","0.00%"
"2023- 03- 31","184,500","182,000","184,900","181,900","655.92K","1.82%"
"2023- 03- 30","181,200","179,200","181,900","178,800","525.56K","0.44%"
"2023- 03- 29","180,400","175,800","180,700","175,800","570.61K","1.86%"
"2023- 03- 28","177,100","177,100","178,300","175,800","339.32K","0.57%"
"2023- 03- 27","176,100","177,700","177,700","174,800","401.17K","-0.90%"
"2023- 03- 26","177,700","177,700","177,700","177,700","","0.00%"
"2023- 03- 24","177,700","180,600","180,600","175,300","648.26K","-1.55%"
"2023- 03- 23","180,500","179,300","182,400","178,700","589.57K","0.11%"
"2023- 03- 22","180,300","177,000","180,500","176,700","716.76K","2.56%"
"2023- 03- 21","175,800","175,900","176,900","174,800","296.89K","0.40%"
"2023- 03- 20","175,100","176,500","177,000","174,800","365.35K","-0.85%"
"2023- 03- 19","176,600","176,600","176,600","176,600","","0.00%"
"2023- 03- 17","176,600","175,200","176,600","173,200","506.64K","1.49%"
"2023- 03- 16","174,000","172,800","174,800","171,800","391.69K","-0.17%"
"2023- 03- 15","174,300","172,700","175,500","172,700","480.40K","1.93%"
"2023- 03- 14","171,000","175,200","175,900","170,500","587.94K","-2.84%"
"2023- 03- 13","176,000","174,400","176,300","173,500","528.94K","0.57%"
"2023- 03- 12","175,000","175,000","175,000","175,000","","0.00%"
"2023- 03- 10","175,000","174,700","176,700","174,600","442.67K","-0.74%"
"2023- 03- 09","176,300","176,600","180,400","175,700","804.45K","0.80%"
"2023- 03- 08","174,900","174,300","176,100","174,100","488.82K","-0.11%"
"2023- 03- 07","175,100","176,500","177,500","175,100","461.31K","-1.35%"
"2023- 03- 06","177,500","177,800","178,500","176,000","546.11K","0.80%"
"2023- 03- 05","176,100","176,100","176,100","176,100","","0.00%"
"2023- 03- 03","176,100","177,500","178,200","175,000","547.94K","-1.34%"
"2023- 03- 02","178,500","176,500","179,800","176,500","720.86K","1.25%"
"2023- 03- 01","176,300","176,300","176,300","176,300","","0.00%"
"2023- 02- 28","176,300","174,100","178,100","174,000","759.99K","1.73%"
"2023- 02- 27","173,300","173,100","173,600","170,200","426.38K","-0.35%"
"2023- 02- 26","173,900","173,900","173,900","173,900","","0.00%"
"2023- 02- 24","173,900","176,200","177,300","173,800","359.49K","-1.31%"
"2023- 02- 23","176,200","174,400","178,600","174,300","444.66K","1.15%"
"2023- 02- 22","174,200","175,800","176,900","174,000","429.27K","-2.24%"
"2023- 02- 21","178,200","178,500","179,000","175,500","452.64K","0.00%"
"2023- 02- 20","178,200","179,400","179,400","176,600","404.22K","-0.45%"
"2023- 02- 19","179,000","179,000","179,000","179,000","","0.00%"
"2023- 02- 17","179,000","177,400","179,800","177,000","456.81K","-0.17%"
"2023- 02- 16","179,300","173,400","180,000","173,300","1.07M","3.82%"
"2023- 02- 15","172,700","174,600","175,300","171,800","450.34K","-0.58%"
"2023- 02- 14","173,700","172,900","175,700","172,700","501.94K","1.22%"
"2023- 02- 13","171,600","172,700","174,300","171,300","371.53K","-1.04%"
"2023- 02- 12","173,400","173,400","173,400","173,400","","0.00%"
"2023- 02- 10","173,400","171,600","173,500","171,100","371.97K","0.46%"
"2023- 02- 09","172,600","171,900","174,000","171,500","581.47K","-0.06%"
"2023- 02- 08","172,700","171,500","173,000","170,200","441.79K","1.29%"
"2023- 02- 07","170,500","171,000","171,200","169,500","531.66K","-0.12%"
"2023- 02- 06","170,700","174,000","174,700","170,700","581.43K","-1.22%"
"2023- 02- 05","172,800","172,800","172,800","172,800","","0.00%"
"2023- 02- 03","172,800","170,100","174,500","169,600","767.05K","1.71%"
"2023- 02- 02","169,900","171,500","172,900","169,300","546.24K","-0.06%"
"2023- 02- 01","170,000","169,200","171,500","168,700","597.16K","1.80%"
"2023- 01- 31","167,000","169,000","170,400","167,000","684.99K","-1.76%"
"2023- 01- 30","170,000","174,400","175,700","169,400","789.62K","-2.24%"
"2023- 01- 29","173,900","173,900","173,900","173,900","","0.00%"
"2023- 01- 27","173,900","177,000","177,600","173,300","1.15M","-0.57%"
"2023- 01- 26","174,900","166,600","176,200","166,600","1.68M","5.55%"
"2023- 01- 25","165,700","166,100","166,500","165,200","357.48K","0.73%"
"2023- 01- 24","164,500","164,500","164,500","164,500","","0.00%"
"2023- 01- 20","164,500","163,000","164,500","163,000","294.93K","0.30%"
"2023- 01- 19","164,000","162,000","164,000","162,000","352.68K","-0.30%"
"2023- 01- 18","164,500","166,500","166,500","162,500","498.76K","-0.90%"
"2023- 01- 17","166,000","166,500","167,000","164,500","449.99K","-0.30%"
"2023- 01- 16","166,500","166,500","167,500","163,500","796.47K","-1.48%"
"2023- 01- 15","169,000","169,000","169,000","169,000","","0.00%"
"2023- 01- 13","169,000","167,500","170,000","167,000","705.94K","1.50%"
"2023- 01- 12","166,500","166,000","168,000","164,500","868.00K","1.52%"
"2023- 01- 11","164,000","163,500","165,000","163,000","365.93K","0.61%"
"2023- 01- 10","163,000","162,500","164,000","161,500","409.41K","-0.61%"
"2023- 01- 09","164,000","161,000","164,500","160,000","612.37K","2.82%"
"2023- 01- 06","159,500","157,500","161,500","157,500","499.83K","0.31%"
"2023- 01- 05","159,000","161,000","161,500","158,000","574.82K","-0.93%"
"2023- 01- 04","160,500","157,500","161,000","157,500","460.10K","0.94%"
"2023- 01- 03","159,000","158,500","160,500","156,000","783.31K","1.27%"
"2023- 01- 02","157,000","154,000","161,000","154,000","1.13M","3.97%"
"2022- 12- 29","151,000","153,000","154,000","150,500","544.92K","-1.95%"
"2022- 12- 28","154,000","156,000","156,500","154,000","544.45K","-2.53%"
"2022- 12- 27","158,000","158,500","160,000","157,000","597.75K","0.00%"
"2022- 12- 26","158,000","157,000","159,000","157,000","386.38K","0.64%"
"2022- 12- 25","157,000","157,000","157,000","157,000","","0.00%"
"2022- 12- 23","157,000","157,000","158,000","155,500","335.01K","-0.95%"
"2022- 12- 22","158,500","156,500","159,500","156,500","450.42K","1.60%"
"2022- 12- 21","156,000","157,000","157,500","155,500","527.46K","-0.64%"
"2022- 12- 20","157,000","158,000","158,500","154,500","896.69K","-1.26%"
"2022- 12- 19","159,000","160,500","161,500","157,500","730.24K","-2.15%"
"2022- 12- 18","162,500","162,500","162,500","162,500","","0.00%"
"2022- 12- 16","162,500","160,000","163,000","160,000","440.11K","0.31%"
"2022- 12- 15","162,000","162,500","165,000","162,000","379.94K","-0.92%"
"2022- 12- 14","163,500","160,000","165,000","159,500","613.45K","2.51%"
"2022- 12- 13","159,500","164,000","164,000","158,000","751.26K","-2.45%"
"2022- 12- 12","163,500","162,000","163,500","162,000","231.31K","0.62%"
"2022- 12- 11","162,500","162,500","162,500","162,500","","0.00%"
"2022- 12- 09","162,500","163,500","164,000","162,000","460.00K","0.31%"
"2022- 12- 08","162,000","163,500","163,500","161,000","701.41K","-0.61%"
"2022- 12- 07","163,000","163,500","165,000","163,000","371.41K","-0.91%"
"2022- 12- 06","164,500","164,000","165,000","162,500","428.11K","-0.60%"
"2022- 12- 05","165,500","169,500","170,000","164,500","781.92K","-2.07%"
"2022- 12- 04","169,000","169,000","169,000","169,000","","0.00%"
"2022- 12- 02","169,000","172,000","172,500","168,500","450.97K","-1.46%"
"2022- 12- 01","171,500","172,000","173,000","170,500","497.92K","1.48%"
"2022- 11- 30","169,000","169,000","170,500","168,500","424.50K","0.00%"
"2022- 11- 29","169,000","168,000","169,500","167,000","338.86K","0.90%"
"2022- 11- 28","167,500","166,000","169,500","164,000","549.45K","0.90%"
"2022- 11- 27","166,000","166,000","166,000","166,000","","0.00%"
"2022- 11- 25","166,000","168,000","168,500","166,000","353.50K","-0.90%"
"2022- 11- 24","167,500","168,000","168,500","166,500","320.51K","0.90%"
"2022- 11- 23","166,000","166,500","167,500","164,000","447.50K","0.30%"
"2022- 11- 22","165,500","167,500","168,000","165,000","450.13K","-1.49%"
"2022- 11- 21","168,000","169,500","170,000","166,500","513.75K","-0.88%"
"2022- 11- 20","169,500","169,500","169,500","169,500","","0.00%"
"2022- 11- 18","169,500","170,000","173,000","169,500","531.61K","-0.29%"
"2022- 11- 17","170,000","171,000","172,500","169,500","493.94K","-1.16%"
"2022- 11- 16","172,000","175,000","175,500","170,500","633.18K","-1.43%"
"2022- 11- 15","174,500","176,500","177,000","173,000","834.94K","-0.85%"
"2022- 11- 14","176,000","174,500","179,500","174,000","1.37M","2.33%"
"2022- 11- 13","172,000","172,000","172,000","172,000","","0.00%"
"2022- 11- 11","172,000","174,500","175,500","171,000","973.01K","1.47%"
"2022- 11- 10","169,500","167,000","173,000","166,500","1.01M","0.00%"
"2022- 11- 09","169,500","170,500","172,000","167,000","949.73K","-0.29%"
"2022- 11- 08","170,000","171,500","172,000","167,500","800.85K","0.29%"
"2022- 11- 07","169,500","166,500","170,000","165,500","1.12M","3.99%"
"2022- 11- 06","163,000","163,000","163,000","163,000","","0.00%"
"2022- 11- 04","163,000","162,000","164,000","161,500","515.34K","0.62%"
"2022- 11- 03","162,000","162,500","163,000","160,500","987.79K","-1.82%"
"2022- 11- 02","165,000","164,500","165,000","162,000","925.62K","0.30%"
"2022- 11- 01","164,500","163,500","165,000","162,000","621.53K","0.00%"
"2022- 10- 31","164,500","166,000","166,500","162,000","612.14K","0.30%"
"2022- 10- 30","164,000","164,000","164,000","164,000","","0.00%"
"2022- 10- 28","164,000","162,000","166,000","161,500","749.14K","1.23%"
"2022- 10- 27","162,000","161,000","163,500","160,500","872.82K","0.93%"
"2022- 10- 26","160,500","163,000","164,000","160,000","1.01M","-1.23%"
"2022- 10- 25","162,500","162,500","163,000","160,000","963.62K","0.62%"
"2022- 10- 24","161,500","169,000","169,500","161,500","1.43M","-3.29%"
"2022- 10- 23","167,000","167,000","167,000","167,000","","0.00%"
"2022- 10- 21","167,000","169,000","169,500","165,500","693.07K","-0.89%"
"2022- 10- 20","168,500","168,500","169,500","166,500","684.39K","0.30%"
"2022- 10- 19","168,000","166,000","172,500","166,000","1.10M","0.00%"
"2022- 10- 18","168,000","170,500","171,500","165,000","1.23M","0.60%"
"2022- 10- 17","167,000","166,000","168,500","164,000","656.59K","0.00%"
"2022- 10- 16","167,000","167,000","167,000","167,000","","0.00%"
"2022- 10- 14","167,000","167,000","168,000","165,000","653.06K","1.52%"
"2022- 10- 13","164,500","167,500","168,000","164,500","683.30K","-2.08%"
"2022- 10- 12","168,000","166,500","169,500","165,500","815.99K","0.00%"
"2022- 10- 11","168,000","170,000","170,500","166,000","1.14M","-4.27%"
"2022- 10- 10","175,500","175,500","175,500","175,500","","0.00%"
"2022- 10- 07","175,500","176,500","176,500","174,000","539.22K","-1.40%"
"2022- 10- 06","178,000","178,500","179,500","175,000","600.32K","0.56%"
"2022- 10- 05","177,000","183,500","184,000","172,000","1.14M","-1.39%"
"2022- 10- 04","179,500","179,000","183,000","177,500","822.99K","1.70%"
"2022- 10- 03","176,500","176,500","176,500","176,500","","0.00%"
"2022- 09- 30","176,500","181,000","183,000","174,000","993.94K","-2.75%"
"2022- 09- 29","181,500","182,500","184,000","181,000","708.61K","1.11%"
"2022- 09- 28","179,500","184,000","184,500","177,500","1.16M","-3.49%"
"2022- 09- 27","186,000","182,500","186,000","182,000","864.57K","1.92%"
"2022- 09- 26","182,500","187,000","187,500","180,500","1.39M","-4.20%"
"2022- 09- 25","190,500","190,500","190,500","190,500","","0.00%"
"2022- 09- 23","190,500","194,000","195,500","190,500","677.31K","-1.55%"
"2022- 09- 22","193,500","194,500","197,000","192,500","528.71K","-1.78%"
"2022- 09- 21","197,000","197,000","197,500","194,500","618.62K","-0.76%"
"2022- 09- 20","198,500","202,500","202,500","198,500","690.46K","-1.49%"
"2022- 09- 19","201,500","201,500","202,000","198,000","677.15K","0.25%"
"2022- 09- 18","201,000","201,000","201,000","201,000","","0.00%"
"2022- 09- 16","201,000","199,500","202,500","199,000","904.01K","1.52%"
"2022- 09- 15","198,000","199,000","201,000","198,000","400.25K","-0.25%"
"2022- 09- 14","198,500","197,000","200,000","196,000","665.35K","-1.00%"
"2022- 09- 13","200,500","200,500","201,500","198,000","908.30K","0.25%"
"2022- 09- 12","200,000","200,000","200,000","200,000","","0.00%"
"2022- 09- 08","200,000","202,500","203,000","198,500","852.65K","-0.99%"
"2022- 09- 07","202,000","201,000","203,000","199,000","754.66K","0.50%"
"2022- 09- 06","201,000","200,500","201,000","198,000","587.71K","0.50%"
"2022- 09- 05","200,000","197,500","201,000","197,500","870.14K","1.78%"
"2022- 09- 04","196,500","196,500","196,500","196,500","","0.00%"
"2022- 09- 02","196,500","199,000","203,500","196,000","1.40M","0.51%"
"2022- 09- 01","195,500","193,500","197,500","191,000","781.96K","-0.26%"
"2022- 08- 31","196,000","195,000","197,500","194,500","708.58K","0.26%"
"2022- 08- 30","195,500","190,500","196,000","190,500","883.28K","3.71%"
"2022- 08- 29","188,500","188,500","189,000","186,500","598.99K","-2.58%"
"2022- 08- 28","193,500","193,500","193,500","193,500","","0.00%"
"2022- 08- 26","193,500","192,500","194,000","191,500","472.18K","0.78%"
"2022- 08- 25","192,000","189,000","192,500","188,500","546.35K","2.13%"
"2022- 08- 24","188,000","190,000","191,000","185,500","697.52K","-0.53%"
"2022- 08- 23","189,000","189,000","193,000","188,000","708.89K","0.00%"
"2022- 08- 22","189,000","187,500","192,000","187,000","530.43K","-0.53%"
"2022- 08- 21","190,000","190,000","190,000","190,000","","0.00%"
"2022- 08- 19","190,000","187,000","191,500","186,500","765.89K","2.15%"
"2022- 08- 18","186,000","186,500","187,500","184,000","1.43M","-2.11%"
"2022- 08- 17","190,000","195,000","196,500","188,000","1.40M","-3.80%"
"2022- 08- 16","197,500","198,000","199,500","196,000","503.08K","0.77%"
"2022- 08- 15","196,000","196,000","196,000","196,000","","0.00%"
"2022- 08- 12","196,000","193,500","197,500","193,500","623.50K","1.55%"
"2022- 08- 11","193,000","195,000","195,000","192,500","726.48K","0.26%"
"2022- 08- 10","192,500","193,000","194,500","192,000","505.71K","-0.52%"
"2022- 08- 09","193,500","195,500","196,000","191,000","959.89K","-1.28%"
"2022- 08- 08","196,000","193,500","196,000","193,000","631.97K","0.77%"
"2022- 08- 05","194,500","196,000","197,500","193,500","915.83K","-1.02%"
"2022- 08- 04","196,500","198,000","198,500","194,500","618.46K","-0.25%"
"2022- 08- 03","197,000","197,000","198,000","196,000","679.12K","0.25%"
"2022- 08- 02","196,500","196,500","197,000","193,500","709.97K","0.26%"
"2022- 08- 01","196,000","196,000","198,000","195,000","599.31K","0.00%"
"2022- 07- 29","196,000","196,000","197,000","194,000","841.74K","0.51%"
"2022- 07- 28","195,000","198,000","198,000","194,000","755.17K","-0.51%"
"2022- 07- 27","196,000","196,000","197,000","193,000","601.29K","0.00%"
"2022- 07- 26","196,000","196,000","196,500","192,500","733.76K","0.00%"
"2022- 07- 25","196,000","192,500","198,500","192,500","1.34M","2.62%"
"2022- 07- 22","191,000","191,000","193,000","188,000","1.37M","1.06%"
"2022- 07- 21","189,000","189,000","193,500","185,500","2.13M","0.00%"
"2022- 07- 20","189,000","191,500","191,500","188,500","981.57K","0.27%"
"2022- 07- 19","188,500","185,000","189,000","184,500","811.45K","1.62%"
"2022- 07- 18","185,500","187,000","188,500","183,500","694.59K","1.09%"
"2022- 07- 15","183,500","183,000","184,500","178,500","763.86K","0.55%"
"2022- 07- 14","182,500","183,000","184,500","180,500","772.22K","-0.54%"
"2022- 07- 13","183,500","180,000","185,000","178,500","933.99K","2.51%"
"2022- 07- 12","179,000","180,000","181,500","177,000","537.01K","0.00%"
"2022- 07- 11","179,000","180,000","182,000","179,000","658.93K","0.56%"
"2022- 07- 10","178,000","178,000","178,000","178,000","","0.00%"
"2022- 07- 08","178,000","177,500","180,500","177,000","822.67K","1.71%"
"2022- 07- 07","175,000","175,000","177,000","172,500","534.47K","1.45%"
"2022- 07- 06","172,500","176,000","177,000","172,000","919.59K","-2.82%"
"2022- 07- 05","177,500","180,000","181,000","173,500","1.09M","-0.28%"
"2022- 07- 04","178,000","181,000","183,000","175,000","1.00M","-1.11%"
"2022- 07- 03","180,000","180,000","180,000","180,000","","0.00%"
"2022- 07- 01","180,000","181,500","185,000","179,500","908.54K","-0.28%"
"2022- 06- 30","180,500","176,500","184,500","175,500","1.64M","2.85%"
"2022- 06- 29","175,500","180,000","181,000","172,500","2.54M","-5.65%"
"2022- 06- 28","186,000","183,500","189,000","183,500","1.02M","1.64%"
"2022- 06- 27","183,000","177,000","185,000","176,500","1.34M","5.78%"
"2022- 06- 24","173,000","170,500","175,000","170,500","471.36K","1.17%"
"2022- 06- 23","171,000","171,500","174,000","170,000","802.36K","-0.29%"
"2022- 06- 22","171,500","174,500","175,000","171,000","628.83K","-0.58%"
"2022- 06- 21","172,500","171,500","175,000","170,000","528.67K","1.17%"
"2022- 06- 20","170,500","172,500","173,000","168,500","513.97K","0.29%"
"2022- 06- 19","170,000","170,000","170,000","170,000","","0.00%"
"2022- 06- 17","170,000","168,000","172,000","168,000","776.95K","-1.73%"
"2022- 06- 16","173,000","177,000","177,500","172,500","611.43K","-0.57%"
"2022- 06- 15","174,000","173,500","179,000","171,500","990.74K","1.46%"
"2022- 06- 14","171,500","171,500","172,500","169,000","1.11M","-2.00%"
"2022- 06- 13","175,000","180,000","181,500","173,000","1.19M","-5.15%"
"2022- 06- 12","184,500","184,500","184,500","184,500","","0.00%"
"2022- 06- 10","184,500","181,500","185,000","180,500","568.93K","1.10%"
"2022- 06- 09","182,500","183,000","183,500","180,500","653.84K","-0.27%"
"2022- 06- 08","183,000","183,500","185,000","182,000","555.69K","-0.27%"
"2022- 06- 07","183,500","186,000","186,500","183,000","619.91K","-1.87%"
"2022- 06- 06","187,000","187,000","187,000","187,000","","0.00%"
"2022- 06- 03","187,000","188,500","189,000","185,000","398.01K","-0.27%"
"2022- 06- 02","187,500","189,000","189,000","186,500","387.00K","-1.06%"
"2022- 06- 01","189,500","189,500","189,500","189,500","","0.00%"
"2022- 05- 31","189,500","187,000","189,500","187,000","904.75K","1.07%"
"2022- 05- 30","187,500","187,500","188,000","185,500","366.08K","1.08%"
"2022- 05- 27","185,500","186,500","186,500","184,500","334.08K","0.82%"
"2022- 05- 26","184,000","183,500","186,000","183,000","427.28K","0.27%"
"2022- 05- 25","183,500","186,000","186,000","182,000","480.06K","-0.81%"
"2022- 05- 24","185,000","187,000","188,000","183,500","429.32K","-1.60%"
"2022- 05- 23","188,000","188,500","189,000","186,500","434.10K","0.80%"
"2022- 05- 20","186,500","183,500","186,500","183,000","465.30K","2.47%"
"2022- 05- 19","182,000","181,500","183,500","181,000","539.42K","-1.89%"
"2022- 05- 18","185,500","187,000","187,500","183,500","537.91K","0.00%"
"2022- 05- 17","185,500","185,500","186,500","182,500","526.33K","0.82%"
"2022- 05- 16","184,000","188,500","189,500","183,500","546.67K","-1.34%"
"2022- 05- 15","186,500","186,500","186,500","186,500","","0.00%"
"2022- 05- 13","186,500","182,000","187,000","181,500","921.44K","3.32%"
"2022- 05- 12","180,500","181,000","183,500","180,000","689.50K","-1.37%"
"2022- 05- 11","183,000","178,500","184,500","178,000","722.46K","1.39%"
"2022- 05- 10","180,500","180,500","181,500","176,000","770.25K","-0.55%"
"2022- 05- 09","181,500","182,000","183,500","180,500","501.89K","-0.55%"
"2022- 05- 06","182,500","181,500","183,500","181,000","372.48K","-0.82%"
"2022- 05- 05","184,000","184,000","184,000","184,000","","0.00%"
"2022- 05- 04","184,000","183,500","184,500","182,000","346.64K","0.27%"
"2022- 05- 03","183,500","185,500","186,500","182,500","660.02K","-1.87%"
"2022- 05- 02","187,000","184,000","188,000","184,000","490.95K","0.54%"
"2022- 05- 01","186,000","186,000","186,000","186,000","","0.00%"
"2022- 04- 29","186,000","187,000","188,000","184,000","761.55K","-1.33%"
"2022- 04- 28","188,500","188,000","189,000","186,000","701.95K","0.80%"
"2022- 04- 27","187,000","184,000","188,500","183,000","1.15M","0.00%"
"2022- 04- 26","187,000","187,000","191,000","186,500","2.31M","2.75%"
"2022- 04- 25","182,000","177,000","184,500","176,500","1.50M","1.11%"
"2022- 04- 22","180,000","181,500","182,500","179,000","851.03K","-1.64%"
"2022- 04- 21","183,000","184,000","184,500","182,500","652.55K","0.00%"
"2022- 04- 20","183,000","181,000","184,000","180,000","811.80K","1.10%"
"2022- 04- 19","181,000","178,500","181,500","178,000","621.46K","1.40%"
"2022- 04- 18","178,500","176,000","178,500","175,500","272.81K","0.85%"
"2022- 04- 17","177,000","177,000","177,000","177,000","","0.00%"
"2022- 04- 15","177,000","176,500","178,000","175,500","556.80K","-0.28%"
"2022- 04- 14","177,500","181,000","182,000","176,500","895.12K","-1.93%"
"2022- 04- 13","181,000","179,500","181,000","178,500","495.70K","1.69%"
"2022- 04- 12","178,000","179,000","180,500","176,500","612.70K","-0.84%"
"2022- 04- 11","179,500","176,000","181,000","175,500","638.85K","1.70%"
"2022- 04- 10","176,500","176,500","176,500","176,500","","0.00%"
"2022- 04- 08","176,500","178,000","179,000","175,500","456.87K","-1.12%"
"2022- 04- 07","178,500","180,000","182,000","178,500","773.71K","-0.83%"
"2022- 04- 06","180,000","177,000","182,000","176,500","637.92K","0.56%"
"2022- 04- 05","179,000","178,500","180,000","177,000","397.32K","0.56%"
"2022- 04- 04","178,000","177,000","179,000","174,500","507.98K","0.00%"
"2022- 04- 03","178,000","178,000","178,000","178,000","","0.00%"
"2022- 04- 01","178,000","178,000","178,500","177,000","460.81K","-1.39%"
"2022- 03- 31","180,500","180,500","181,000","179,000","573.16K","-0.28%"
"2022- 03- 30","181,000","180,000","183,000","179,500","1.08M","2.55%"
"2022- 03- 29","176,500","176,000","178,000","174,000","542.93K","1.15%"
"2022- 03- 28","174,500","172,000","175,500","171,000","458.00K","0.29%"
"2022- 03- 27","174,000","174,000","174,000","174,000","","0.00%"
"2022- 03- 25","174,000","176,500","176,500","173,000","561.34K","-1.14%"
"2022- 03- 24","176,000","174,000","177,000","173,500","704.28K","0.00%"
"2022- 03- 23","176,000","175,000","177,500","174,000","949.82K","1.44%"
"2022- 03- 22","173,500","169,000","174,500","169,000","1.06M","2.97%"
"2022- 03- 21","168,500","171,500","172,000","168,500","577.56K","-1.46%"
"2022- 03- 20","171,000","171,000","171,000","171,000","","0.00%"
"2022- 03- 18","171,000","171,500","171,500","169,500","756.63K","1.48%"
"2022- 03- 17","168,500","172,500","173,000","168,500","937.01K","0.30%"
"2022- 03- 16","168,000","165,000","168,500","163,000","859.37K","3.07%"
"2022- 03- 15","163,000","164,000","165,500","162,000","873.12K","-0.91%"
"2022- 03- 14","164,500","166,500","167,500","163,000","1.11M","-2.66%"
"2022- 03- 13","169,000","169,000","169,000","169,000","","0.00%"
"2022- 03- 11","169,000","169,000","169,500","165,500","771.29K","0.00%"
"2022- 03- 10","169,000","171,500","172,000","167,500","1.08M","0.60%"
"2022- 03- 09","168,000","168,000","168,000","168,000","","0.00%"
"2022- 03- 08","168,000","164,000","170,500","163,500","724.54K","0.00%"
"2022- 03- 07","168,000","170,000","171,000","165,500","1.36M","-2.61%"
"2022- 03- 06","172,500","172,500","172,500","172,500","","0.00%"
"2022- 03- 04","172,500","176,500","177,500","172,500","862.58K","-2.82%"
"2022- 03- 03","177,500","173,500","179,000","173,000","1.24M","4.11%"
"2022- 03- 02","170,500","171,500","172,500","169,500","1.37M","-2.57%"
"2022- 03- 01","175,000","175,000","175,000","175,000","","0.00%"
"2022- 02- 28","175,000","171,000","175,000","168,000","1.23M","0.57%"
"2022- 02- 27","174,000","174,000","174,000","174,000","","0.00%"
"2022- 02- 25","174,000","175,000","175,500","171,500","944.79K","0.58%"
"2022- 02- 24","173,000","178,500","179,000","171,000","1.69M","-4.16%"
"2022- 02- 23","180,500","182,500","183,000","179,500","546.22K","-0.55%"
"2022- 02- 22","181,500","180,500","183,000","180,000","561.30K","-1.89%"
"2022- 02- 21","185,000","180,500","185,500","179,500","460.65K","0.82%"
"2022- 02- 20","183,500","183,500","183,500","183,500","","0.00%"
"2022- 02- 18","183,500","181,000","184,000","180,500","425.07K","0.00%"
"2022- 02- 17","183,500","182,500","186,000","181,000","0.02K","0.82%"
"2022- 02- 16","182,000","185,000","185,000","181,500","0.00K","0.83%"
"2022- 02- 15","180,500","177,000","183,000","176,500","952.24K","2.27%"
"2022- 02- 14","176,500","179,500","181,000","176,000","0.29K","-3.55%"
"2022- 02- 13","183,000","183,000","183,000","183,000","","0.00%"
"2022- 02- 11","183,000","183,000","184,500","181,000","996.54K","-1.35%"
"2022- 02- 10","185,500","186,000","187,000","182,500","0.02K","0.27%"
"2022- 02- 09","185,000","186,000","186,000","182,500","990.14K","0.27%"
"2022- 02- 08","184,500","186,500","188,000","183,500","1.06M","-1.07%"
"2022- 02- 07","186,500","189,500","190,000","184,500","822.87K","-1.84%"
"2022- 02- 06","190,000","190,000","190,000","190,000","","0.00%"
"2022- 02- 04","190,000","190,500","192,000","188,000","831.95K","-0.78%"
"2022- 02- 03","191,500","194,500","195,000","191,500","0.33K","1.06%"
"2022- 01- 28","189,500","186,500","190,500","180,000","1.41M","1.61%"
"2022- 01- 27","186,500","190,000","191,500","185,500","0.68K","-1.84%"
"2022- 01- 26","190,000","193,500","194,500","189,500","0.69K","-2.31%"
"2022- 01- 25","194,500","196,500","197,000","190,000","1.17M","-1.27%"
"2022- 01- 24","197,000","197,500","200,000","195,000","655.60K","-1.50%"
"2022- 01- 23","200,000","200,000","200,000","200,000","","0.00%"
"2022- 01- 21","200,000","199,500","201,000","198,500","511.87K","-0.99%"
"2022- 01- 20","202,000","200,500","202,500","199,500","0.16K","0.75%"
"2022- 01- 19","200,500","200,500","203,500","200,000","522.38K","-0.99%"
"2022- 01- 18","202,500","206,000","206,000","201,500","577.58K","-1.22%"
"2022- 01- 17","205,000","208,500","209,000","202,500","721.98K","-1.91%"
"2022- 01- 16","209,000","209,000","209,000","209,000","","0.00%"
"2022- 01- 14","209,000","209,500","211,000","208,000","404.24K","-0.48%"
"2022- 01- 13","210,000","211,500","213,000","210,000","497.33K","-0.71%"
"2022- 01- 12","211,500","211,500","213,000","210,500","467.91K","0.48%"
"2022- 01- 11","210,500","209,500","211,000","209,000","0.07K","0.48%"
"2022- 01- 10","209,500","214,500","215,000","209,000","0.18K","-2.56%"
"2022- 01- 09","215,000","215,000","215,000","215,000","","0.00%"
"2022- 01- 07","215,000","214,500","216,500","213,500","575.22K","0.47%"
"2022- 01- 06","214,000","210,000","216,500","210,000","0.14K","0.23%"
"2022- 01- 05","213,500","214,000","217,500","212,000","1.17M","1.67%"
"2022- 01- 04","210,000","212,000","212,500","208,500","0.06K","-0.24%"
"2022- 01- 03","210,500","211,500","212,500","209,000","467.14K","0.72%"
"2021- 12- 30","209,000","211,500","212,000","208,500","578.79K","-1.42%"
"2021- 12- 29","212,000","213,000","215,000","211,500","0.10K","-0.93%"
"2021- 12- 28","214,000","215,000","215,000","211,500","0.18K","0.23%"
"2021- 12- 27","213,500","216,500","217,000","213,500","0.68K","-0.93%"
"2021- 12- 26","215,500","215,500","215,500","215,500","","0.00%"
"2021- 12- 24","215,500","210,500","216,500","210,500","1.01M","3.11%"
"2021- 12- 23","209,000","208,000","209,000","207,000","0.00K","1.21%"
"2021- 12- 22","206,500","207,000","209,500","205,500","0.01K","0.73%"
"2021- 12- 21","205,000","206,000","207,500","204,000","0.00K","0.00%"
"2021- 12- 20","205,000","209,000","209,000","204,500","0.23K","-2.15%"
"2021- 12- 19","209,500","209,500","209,500","209,500","","0.00%"
"2021- 12- 17","209,500","208,500","211,500","208,000","616.65K","0.00%"
"2021- 12- 16","209,500","211,000","212,000","208,000","0.01K","0.24%"
"2021- 12- 15","209,000","210,000","211,500","208,500","0.00K","-0.95%"
"2021- 12- 14","211,000","208,000","212,000","207,500","0.01K","0.96%"
"2021- 12- 13","209,000","210,000","214,000","209,000","0.21K","0.72%"
"2021- 12- 12","207,500","207,500","207,500","207,500","","0.00%"
"2021- 12- 10","207,500","207,000","209,500","205,500","442.54K","0.24%"
"2021- 12- 09","207,000","207,000","210,000","206,500","773.27K","-0.24%"
"2021- 12- 08","207,500","209,500","211,000","207,000","0.26K","0.00%"
"2021- 12- 07","207,500","206,000","208,000","204,000","0.02K","0.48%"
"2021- 12- 06","206,500","204,500","208,000","202,500","0.09K","0.24%"
"2021- 12- 05","206,000","206,000","206,000","206,000","","0.00%"
"2021- 12- 03","206,000","205,500","208,000","204,500","512.81K","0.24%"
"2021- 12- 02","205,500","199,000","206,000","198,000","0.03K","2.24%"
"2021- 12- 01","201,000","197,000","202,000","196,500","0.01K","2.81%"
"2021- 11- 30","195,500","202,500","203,500","194,500","0.63K","-2.49%"
"2021- 11- 29","200,500","199,500","203,500","199,500","895.46K","-2.43%"
"2021- 11- 28","205,500","205,500","205,500","205,500","","0.00%"
"2021- 11- 26","205,500","209,500","210,000","204,000","885.85K","-2.14%"
"2021- 11- 25","210,000","212,500","212,500","210,000","0.02K","-0.94%"
"2021- 11- 24","212,000","215,500","216,000","211,000","0.02K","-1.40%"
"2021- 11- 23","215,000","219,000","219,000","213,500","0.85K","-1.60%"
"2021- 11- 22","218,500","209,500","220,000","208,000","1.34K","4.30%"
"2021- 11- 21","209,500","209,500","209,500","209,500","","0.00%"
"2021- 11- 19","209,500","211,500","212,500","208,000","824.85K","2.20%"
"2021- 11- 18","205,000","205,500","206,500","204,000","524.37K","-0.97%"
"2021- 11- 17","207,000","206,500","209,000","203,000","713.46K","0.24%"
"2021- 11- 16","206,500","208,000","208,000","205,000","0.31K","-1.20%"
"2021- 11- 15","209,000","208,500","210,000","207,500","0.05K","0.48%"
"2021- 11- 14","208,000","208,000","208,000","208,000","","0.00%"
"2021- 11- 12","208,000","205,000","209,500","205,000","413.88K","1.46%"
"2021- 11- 11","205,000","205,500","206,500","203,500","0.25K","-1.68%"
"2021- 11- 10","208,500","211,000","211,500","207,000","0.05K","-2.11%"
"2021- 11- 09","213,000","215,500","217,000","212,000","0.25K","-0.93%"
"2021- 11- 08","215,000","214,500","216,000","212,500","0.11K","0.00%"
"2021- 11- 07","215,000","215,000","215,000","215,000","","0.00%"
"2021- 11- 05","215,000","216,500","217,000","214,000","679.68K","0.47%"
"2021- 11- 04","214,000","210,500","216,000","210,000","0.02K","2.64%"
"2021- 11- 03","208,500","211,000","212,000","207,000","474.68K","-0.71%"
"2021- 11- 02","210,000","208,000","211,500","207,500","0.00K","0.96%"
"2021- 11- 01","208,000","208,500","209,500","207,000","0.16K","0.00%"
"2021- 10- 31","208,000","208,000","208,000","208,000","","0.00%"
"2021- 10- 29","208,000","211,500","212,500","206,500","616.26K","-0.95%"
"2021- 10- 28","210,000","212,500","214,000","209,500","0.00K","-1.64%"
"2021- 10- 27","213,500","214,500","215,000","212,500","0.50K","0.00%"
"2021- 10- 26","213,500","213,000","214,500","209,000","0.43K","1.18%"
"2021- 10- 25","211,000","207,500","212,000","206,000","0.00K","1.69%"
"2021- 10- 24","207,500","207,500","207,500","207,500","","0.00%"
"2021- 10- 22","207,500","207,000","209,500","206,000","359.41K","0.00%"
"2021- 10- 21","207,500","210,000","211,000","206,000","0.07K","-0.72%"
"2021- 10- 20","209,000","210,000","211,000","208,000","0.17K","0.00%"
"2021- 10- 19","209,000","210,500","212,000","208,000","426.63K","-0.24%"
"2021- 10- 18","209,500","208,500","210,500","205,000","0.14K","0.48%"
"2021- 10- 17","208,500","208,500","208,500","208,500","","0.00%"
"2021- 10- 15","208,500","210,500","211,500","208,000","528.28K","-0.24%"
"2021- 10- 14","209,000","211,000","212,000","208,000","0.05K","-0.95%"
"2021- 10- 13","211,000","206,500","211,500","206,500","0.08K","3.18%"
"2021- 10- 12","204,500","205,000","206,500","202,000","817.53K","-0.24%"
"2021- 10- 11","205,000","205,000","205,000","205,000","","0.00%"
"2021- 10- 08","205,000","203,500","206,500","202,500","990.16K","1.99%"
"2021- 10- 07","201,000","195,000","203,000","195,000","0.01K","3.61%"
"2021- 10- 06","194,000","195,000","197,500","192,500","0.38K","0.26%"
"2021- 10- 05","193,500","190,500","195,000","189,000","0.01K","0.00%"
"2021- 10- 04","193,500","193,500","193,500","193,500","","0.00%"
"2021- 10- 01","193,500","198,000","199,000","192,000","1.18M","-3.25%"
"2021- 09- 30","200,000","200,500","201,000","199,000","0.08K","-0.74%"
"2021- 09- 29","201,500","198,000","201,500","197,500","0.20K","0.00%"
"2021- 09- 28","201,500","204,000","204,000","200,500","0.05K","-1.23%"
"2021- 09- 27","204,000","205,000","206,000","203,500","580.64K","-1.45%"
"2021- 09- 26","207,000","207,000","207,000","207,000","","0.00%"
"2021- 09- 24","207,000","209,500","210,500","206,000","409.94K","-0.72%"
"2021- 09- 23","208,500","205,000","209,000","204,500","0.03K","-0.24%"
"2021- 09- 22","209,000","209,000","209,000","209,000","","0.00%"
"2021- 09- 17","209,000","208,000","210,000","207,000","693.21K","0.48%"
"2021- 09- 16","208,000","210,000","211,000","206,500","413.00K","-0.72%"
"2021- 09- 15","209,500","208,500","211,500","208,000","0.03K","0.24%"
"2021- 09- 14","209,000","206,500","211,500","206,000","0.42K","1.95%"
"2021- 09- 13","205,000","206,000","206,500","204,000","0.08K","-0.73%"
"2021- 09- 12","206,500","206,500","206,500","206,500","","0.00%"
"2021- 09- 10","206,500","208,500","209,500","204,000","675.19K","-0.96%"
"2021- 09- 09","208,500","212,500","212,500","208,000","0.22K","-2.11%"
"2021- 09- 08","213,000","211,000","214,500","210,500","0.06K","0.24%"
"2021- 09- 07","212,500","214,500","214,500","211,500","0.39K","-1.16%"
"2021- 09- 06","215,000","214,500","215,500","213,500","0.04K","0.23%"
"2021- 09- 05","214,500","214,500","214,500","214,500","","0.00%"
"2021- 09- 03","214,500","213,000","215,500","212,000","604.50K","1.42%"
"2021- 09- 02","211,500","214,000","214,500","210,000","0.07K","-1.63%"
"2021- 09- 01","215,000","213,500","218,000","213,500","0.15K","1.18%"
"2021- 08- 31","212,500","210,500","212,500","208,000","0.15K","1.19%"
"2021- 08- 30","210,000","211,000","212,500","210,000","408.40K","0.72%"
"2021- 08- 29","208,500","208,500","208,500","208,500","","0.00%"
"2021- 08- 27","208,500","209,000","209,500","205,000","500.56K","-0.71%"
"2021- 08- 26","210,000","209,500","212,000","208,000","0.61K","0.24%"
"2021- 08- 25","209,500","210,000","212,500","207,500","474.70K","0.00%"
"2021- 08- 24","209,500","206,000","211,000","206,000","740.47K","2.70%"
"2021- 08- 23","204,000","203,000","206,000","201,500","844.40K","1.24%"
"2021- 08- 22","201,500","201,500","201,500","201,500","","0.00%"
"2021- 08- 20","201,500","207,000","208,000","200,000","1.30M","-2.42%"
"2021- 08- 19","206,500","212,500","212,500","205,000","0.84K","-2.82%"
"2021- 08- 18","212,500","211,000","214,000","209,000","668.60K","-0.23%"
"2021- 08- 17","213,000","216,000","217,000","211,000","0.13K","-1.84%"
"2021- 08- 16","217,000","217,000","217,000","217,000","","0.00%"
"2021- 08- 13","217,000","221,500","221,500","214,000","859.83K","-0.91%"
"2021- 08- 12","219,000","220,000","224,000","219,000","0.12K","0.23%"
"2021- 08- 11","218,500","219,000","220,500","218,000","487.46K","-0.23%"
"2021- 08- 10","219,000","221,000","221,000","218,500","0.12K","-0.90%"
"2021- 08- 09","221,000","220,500","222,000","220,000","0.24K","-0.67%"
"2021- 08- 08","222,500","222,500","222,500","222,500","","0.00%"
"2021- 08- 06","222,500","224,500","225,000","222,500","380.63K","-0.22%"
"2021- 08- 05","223,000","223,000","224,500","222,500","469.27K","-0.89%"
"2021- 08- 04","225,000","224,500","225,000","222,500","1.18K","0.67%"
"2021- 08- 03","223,500","219,000","223,500","218,000","0.10K","1.59%"
"2021- 08- 02","220,000","218,000","220,500","217,000","0.26K","0.92%"
"2021- 08- 01","218,000","218,000","218,000","218,000","","0.00%"
"2021- 07- 30","218,000","222,000","222,000","218,000","900.63K","-1.80%"
"2021- 07- 29","222,000","223,000","224,000","222,000","0.33K","-0.22%"
"2021- 07- 28","222,500","225,000","225,000","221,000","0.09K","-1.11%"
"2021- 07- 27","225,000","225,500","226,500","224,000","0.51K","0.22%"
"2021- 07- 26","224,500","225,500","226,500","224,000","711.93K","-0.44%"
"2021- 07- 25","225,500","225,500","225,500","225,500","","0.00%"
"2021- 07- 23","225,500","229,000","229,000","224,000","1.57M","-1.31%"
"2021- 07- 22","228,500","228,500","231,500","227,500","784.76K","0.22%"
"2021- 07- 21","228,000","232,000","232,000","227,500","0.00K","0.44%"
"2021- 07- 20","227,000","225,500","229,500","225,000","0.00K","-0.22%"
"2021- 07- 19","227,500","228,000","228,500","227,000","0.08K","-1.09%"
"2021- 07- 18","230,000","230,000","230,000","230,000","","0.00%"
"2021- 07- 16","230,000","230,000","230,500","228,000","465.03K","-0.65%"
"2021- 07- 15","231,500","229,500","232,500","229,500","0.47K","0.65%"
"2021- 07- 14","230,000","230,500","232,500","228,500","0.14K","0.00%"
"2021- 07- 13","230,000","230,000","231,500","229,000","512.48K","0.00%"
"2021- 07- 12","230,000","228,500","232,000","228,500","0.21K","1.77%"
"2021- 07- 11","226,000","226,000","226,000","226,000","","0.00%"
"2021- 07- 09","226,000","227,500","229,000","225,000","1.13M","-1.53%"
"2021- 07- 08","229,500","232,500","233,000","229,000","0.08K","-1.08%"
"2021- 07- 07","232,000","235,000","235,000","232,000","0.74K","-1.69%"
"2021- 07- 06","236,000","236,500","238,000","235,500","0.36K","0.00%"
"2021- 07- 05","236,000","239,000","239,500","235,500","0.03K","-1.26%"
"2021- 07- 04","239,000","239,000","239,000","239,000","","0.00%"
"2021- 07- 02","239,000","243,500","243,500","239,000","819.75K","-1.24%"
"2021- 07- 01","242,000","238,500","242,500","236,500","0.35K","1.04%"
"2021- 06- 30","239,500","240,000","240,500","238,500","0.63K","0.00%"
"2021- 06- 29","239,500","240,500","242,500","239,000","0.27K","-0.62%"
"2021- 06- 28","241,000","244,000","244,500","240,000","0.80K","-0.82%"
"2021- 06- 27","243,000","243,000","243,000","243,000","","0.00%"
"2021- 06- 25","243,000","243,500","244,000","241,000","533.92K","0.21%"
"2021- 06- 24","242,500","243,000","249,000","241,000","0.13K","0.00%"
"2021- 06- 23","242,500","242,000","243,000","239,000","0.62K","0.62%"
"2021- 06- 22","241,000","235,000","243,000","235,000","0.04K","3.43%"
"2021- 06- 21","233,000","234,000","236,000","232,000","819.40K","-0.85%"
"2021- 06- 20","235,000","235,000","235,000","235,000","","0.00%"
"2021- 06- 18","235,000","237,000","238,000","235,000","992.95K","-0.63%"
"2021- 06- 17","236,500","238,500","239,500","236,000","0.20K","-1.25%"
"2021- 06- 16","239,500","237,000","243,000","237,000","1.28K","1.05%"
"2021- 06- 15","237,000","238,000","239,000","235,500","1.05K","-0.42%"
"2021- 06- 14","238,000","239,000","239,500","235,000","0.03K","-0.21%"
"2021- 06- 13","238,500","238,500","238,500","238,500","","0.00%"
"2021- 06- 11","238,500","237,500","241,500","237,000","677.30K","1.06%"
"2021- 06- 10","236,000","238,500","240,000","236,000","0.08K","-1.46%"
"2021- 06- 09","239,500","242,500","245,500","239,000","0.34K","-1.64%"
"2021- 06- 08","243,500","241,500","245,000","238,500","1.66K","0.83%"
"2021- 06- 07","241,500","244,500","247,500","240,500","0.06K","0.00%"
"2021- 06- 06","241,500","241,500","241,500","241,500","","0.00%"
"2021- 06- 04","241,500","241,500","243,000","238,000","1.33M","1.26%"
"2021- 06- 03","238,500","238,500","240,500","236,500","1.03M","0.21%"
"2021- 06- 02","238,000","239,000","243,000","235,500","0.03K","0.42%"
"2021- 06- 01","237,000","235,000","237,500","233,000","0.31K","0.85%"
"2021- 05- 31","235,000","233,000","235,500","230,500","1.13M","1.29%"
"2021- 05- 30","232,000","232,000","232,000","232,000","","0.00%"
"2021- 05- 28","232,000","223,500","232,500","223,000","2.39M","5.22%"
"2021- 05- 27","220,500","223,000","223,500","220,000","0.08K","-1.34%"
"2021- 05- 26","223,500","228,000","229,000","222,500","0.17K","-1.76%"
"2021- 05- 25","227,500","230,000","230,000","225,000","0.16K","-0.22%"
"2021- 05- 24","228,000","227,500","231,000","226,000","0.01K","0.22%"
"2021- 05- 23","227,500","227,500","227,500","227,500","","0.00%"
"2021- 05- 21","227,500","227,000","233,000","225,500","1.33M","1.34%"
"2021- 05- 20","224,500","228,500","230,500","224,000","0.00K","-2.81%"
"2021- 05- 19","231,000","231,000","231,000","231,000","","0.00%"
"2021- 05- 18","231,000","227,500","232,500","226,000","1.03M","1.76%"
"2021- 05- 17","227,000","232,000","232,500","225,000","0.61K","-0.87%"
"2021- 05- 16","229,000","229,000","229,000","229,000","","0.00%"
"2021- 05- 14","229,000","234,000","236,000","226,500","1.35M","-0.22%"
"2021- 05- 13","229,500","224,000","232,000","222,500","0.05K","0.88%"
"2021- 05- 12","227,500","226,500","233,000","223,000","0.28K","0.44%"
"2021- 05- 11","226,500","227,000","228,500","223,500","1.96K","-1.31%"
"2021- 05- 10","229,500","226,000","230,000","225,500","0.50K","2.46%"
"2021- 05- 09","224,000","224,000","224,000","224,000","","0.00%"
"2021- 05- 07","224,000","223,500","227,000","221,000","598.37K","0.22%"
"2021- 05- 06","223,500","223,000","225,000","221,000","643.13K","0.00%"
"2021- 05- 05","223,500","223,500","223,500","223,500","","0.00%"
"2021- 05- 04","223,500","220,000","224,500","217,500","946.55K","2.52%"
"2021- 05- 03","218,000","212,000","222,500","211,000","1.18M","2.83%"
"2021- 05- 02","212,000","212,000","212,000","212,000","","0.00%"
"2021- 04- 30","212,000","216,000","216,500","211,000","1.16M","-2.53%"
"2021- 04- 29","217,500","221,000","221,000","217,000","0.99K","-1.81%"
"2021- 04- 28","221,500","220,000","223,500","219,500","0.29K","0.68%"
"2021- 04- 27","220,000","222,500","222,500","218,000","0.13K","-0.68%"
"2021- 04- 26","221,500","222,000","222,500","220,000","0.14K","0.23%"
"2021- 04- 25","221,000","221,000","221,000","221,000","","0.00%"
"2021- 04- 23","221,000","225,500","225,500","220,500","1.18M","-2.21%"
"2021- 04- 22","226,000","226,500","231,000","225,500","0.66K","0.22%"
"2021- 04- 21","225,500","228,000","228,000","224,000","0.02K","-1.53%"
"2021- 04- 20","229,000","230,000","231,000","228,500","0.27K","-0.43%"
"2021- 04- 19","230,000","231,500","232,500","229,500","0.52K","-0.65%"
"2021- 04- 18","231,500","231,500","231,500","231,500","","0.00%"
"2021- 04- 16","231,500","231,500","233,500","230,500","572.37K","0.43%"
"2021- 04- 15","230,500","232,500","232,500","229,000","0.49K","-0.86%"
"2021- 04- 14","232,500","231,000","236,500","230,500","0.59K","1.09%"
"2021- 04- 13","230,000","226,500","230,000","226,500","0.07K","1.77%"
"2021- 04- 12","226,000","228,000","228,500","225,500","0.23K","-1.09%"
"2021- 04- 11","228,500","228,500","228,500","228,500","","0.00%"
"2021- 04- 09","228,500","231,500","232,000","227,000","721.75K","-1.30%"
"2021- 04- 08","231,500","229,000","233,500","227,000","909.70K","0.65%"
"2021- 04- 07","230,000","228,500","232,500","226,500","0.55K","0.00%"
"2021- 04- 06","230,000","234,500","235,000","229,500","0.68K","-1.71%"
"2021- 04- 05","234,000","236,000","236,500","230,000","0.38K","0.21%"
"2021- 04- 04","233,500","233,500","233,500","233,500","","0.00%"
"2021- 04- 02","233,500","225,500","238,500","225,000","3.63M","6.62%"
"2021- 04- 01","219,000","220,500","224,000","218,500","0.00K","0.46%"
"2021- 03- 31","218,000","221,000","221,000","218,000","0.08K","-0.68%"
"2021- 03- 30","219,500","215,500","221,000","215,000","926.61K","1.86%"
"2021- 03- 29","215,500","215,500","217,500","211,000","1.17M","0.00%"
"2021- 03- 28","215,500","215,500","215,500","215,500","","0.00%"
"2021- 03- 26","215,500","219,500","219,500","212,000","1.47M","-1.15%"
"2021- 03- 25","218,000","218,500","220,500","216,000","1.07M","-1.36%"
"2021- 03- 24","221,000","225,000","225,500","220,000","0.71K","-2.43%"
"2021- 03- 23","226,500","230,000","231,000","225,500","0.10K","-1.09%"
"2021- 03- 22","229,000","230,000","230,500","227,500","0.05K","-0.22%"
"2021- 03- 21","229,500","229,500","229,500","229,500","","0.00%"
"2021- 03- 19","229,500","230,000","232,000","229,000","1.02M","-1.92%"
"2021- 03- 18","234,000","234,500","238,000","233,500","0.01K","0.86%"
"2021- 03- 17","232,000","234,000","234,000","230,000","0.41K","-0.85%"
"2021- 03- 16","234,000","233,000","235,000","232,000","1.26K","0.86%"
"2021- 03- 15","232,000","233,000","236,000","230,000","0.01K","-0.22%"
"2021- 03- 14","232,500","232,500","232,500","232,500","","0.00%"
"2021- 03- 12","232,500","231,500","233,500","229,000","813.92K","1.75%"
"2021- 03- 11","228,500","228,000","232,000","227,500","0.00K","0.44%"
"2021- 03- 10","227,500","236,000","236,500","227,000","0.66K","-1.73%"
"2021- 03- 09","231,500","230,500","234,000","228,000","0.09K","0.43%"
"2021- 03- 08","230,500","237,000","237,500","230,000","1.23K","-1.91%"
"2021- 03- 07","235,000","235,000","235,000","235,000","","0.00%"
"2021- 03- 05","235,000","230,500","237,000","228,500","1.15M","0.00%"
"2021- 03- 04","235,000","236,000","238,000","232,500","0.55K","-2.08%"
"2021- 03- 03","240,000","239,000","241,500","236,500","0.31K","0.42%"
"2021- 03- 02","239,000","244,500","249,000","237,000","0.71K","0.84%"
"2021- 03- 01","237,000","237,000","237,000","237,000","","0.00%"
"2021- 02- 26","237,000","238,500","248,500","235,500","2.68M","-3.27%"
"2021- 02- 25","245,000","239,000","245,000","235,000","1.23K","4.26%"
"2021- 02- 24","235,000","246,500","248,500","235,000","0.17K","-3.89%"
"2021- 02- 23","244,500","243,000","247,500","237,000","4.82K","1.24%"
"2021- 02- 22","241,500","243,000","247,000","240,000","1.22K","-0.21%"
"2021- 02- 21","242,000","242,000","242,000","242,000","","0.00%"
"2021- 02- 19","242,000","236,500","242,000","235,500","1.16M","2.76%"
"2021- 02- 18","235,500","241,000","243,500","235,500","1.14K","-3.29%"
"2021- 02- 17","243,500","248,000","248,000","242,500","0.67K","-1.62%"
"2021- 02- 16","247,500","249,000","251,000","245,000","2.90K","0.00%"
"2021- 02- 15","247,500","247,000","248,500","244,000","0.15K","1.02%"
"2021- 02- 14","245,000","245,000","245,000","245,000","","0.00%"
"2021- 02- 10","245,000","239,000","246,000","235,000","1.22M","3.59%"
"2021- 02- 09","236,500","233,000","240,500","232,500","0.05K","1.07%"
"2021- 02- 08","234,000","239,000","240,500","228,500","0.92K","-6.21%"
"2021- 02- 07","249,500","249,500","249,500","249,500","","0.00%"
"2021- 02- 05","249,500","249,500","250,500","243,000","1.53M","0.40%"
"2021- 02- 04","248,500","251,000","253,000","244,000","0.94K","1.22%"
"2021- 02- 03","245,500","245,000","252,000","243,000","0.23K","2.08%"
"2021- 02- 02","240,500","241,000","243,500","236,000","0.17K","0.84%"
"2021- 02- 01","238,500","229,000","238,500","224,500","0.26K","4.15%"
"2021- 01- 31","229,000","229,000","229,000","229,000","","0.00%"
"2021- 01- 29","229,000","242,000","242,500","227,000","2.64M","-3.98%"
"2021- 01- 28","238,500","238,000","243,500","236,500","0.18K","-2.85%"
"2021- 01- 27","245,500","252,500","254,500","245,000","0.17K","-2.39%"
"2021- 01- 26","251,500","260,000","260,500","250,500","0.74K","-3.27%"
"2021- 01- 25","260,000","253,000","261,500","251,500","1.89K","1.17%"
"2021- 01- 24","257,000","257,000","257,000","257,000","","0.00%"
"2021- 01- 22","257,000","261,000","263,000","257,000","2.07M","-2.84%"
"2021- 01- 21","264,500","264,000","266,500","259,500","2.57M","2.12%"
"2021- 01- 20","259,000","271,000","276,500","254,000","2.64K","-0.96%"
"2021- 01- 19","261,500","244,000","261,500","244,000","0.21K","8.51%"
"2021- 01- 18","241,000","237,500","246,500","234,000","1.99K","0.42%"
"2021- 01- 17","240,000","240,000","240,000","240,000","","0.00%"
"2021- 01- 15","240,000","252,000","255,000","239,000","3.86M","-4.19%"
"2021- 01- 14","250,500","251,500","255,000","248,500","4.53K","-3.28%"
"2021- 01- 13","259,000","260,000","265,000","250,000","19.21K","-0.77%"
"2021- 01- 12","261,000","263,000","274,500","250,500","11.26K","-2.43%"
"2021- 01- 11","267,500","257,000","288,500","256,000","18.10K","8.74%"
"2021- 01- 10","246,000","246,000","246,000","246,000","","0.00%"
"2021- 01- 08","246,000","240,500","257,000","225,000","19.72M","19.42%"
"2021- 01- 07","206,000","205,500","210,500","204,500","0.18K","1.48%"
"2021- 01- 06","203,000","209,500","211,000","202,500","1.09K","-3.10%"
"2021- 01- 05","209,500","207,000","213,000","205,000","1.31K","0.96%"
"2021- 01- 04","207,500","192,000","211,000","192,000","3.13K","8.07%"
"2020- 12- 30","192,000","190,500","193,500","189,000","1.35M","0.79%"
"2020- 12- 29","190,500","191,500","191,500","188,000","0.49K","0.53%"
"2020- 12- 28","189,500","189,000","193,000","187,500","2.35M","1.34%"
"2020- 12- 27","187,000","187,000","187,000","187,000","","0.00%"
"2020- 12- 24","187,000","185,000","189,000","185,000","1.05M","1.08%"
"2020- 12- 23","185,000","183,000","188,500","183,000","0.07K","0.54%"
"2020- 12- 22","184,000","186,000","186,500","183,000","1.57K","-1.60%"
"2020- 12- 21","187,000","189,000","189,000","185,000","0.11K","-1.06%"
"2020- 12- 20","189,000","189,000","189,000","189,000","","0.00%"
"2020- 12- 18","189,000","191,000","191,000","189,000","918.15K","-0.79%"
"2020- 12- 17","190,500","190,000","190,500","188,000","1.32K","0.26%"
"2020- 12- 16","190,000","190,500","193,000","189,500","0.15K","0.80%"
"2020- 12- 15","188,500","189,000","190,500","186,000","0.12K","-0.26%"
"2020- 12- 14","189,000","190,500","191,000","187,000","0.69K","-0.53%"
"2020- 12- 13","190,000","190,000","190,000","190,000","","0.00%"
"2020- 12- 11","190,000","193,000","194,500","190,000","1.57M","-0.78%"
"2020- 12- 10","191,500","189,000","193,500","188,500","0.19K","0.00%"
"2020- 12- 09","191,500","188,000","192,000","187,000","0.63K","2.68%"
"2020- 12- 08","186,500","191,500","192,000","186,000","0.39K","-3.62%"
"2020- 12- 07","193,500","195,000","198,500","190,500","0.89K","-1.53%"
"2020- 12- 06","196,500","196,500","196,500","196,500","","0.00%"
"2020- 12- 04","196,500","198,000","199,000","195,000","3.21M","0.00%"
"2020- 12- 03","196,500","182,500","196,500","182,000","0.48K","7.67%"
"2020- 12- 02","182,500","183,500","184,500","181,500","1.68M","-0.54%"
"2020- 12- 01","183,500","183,000","184,500","179,500","1.79M","1.10%"
"2020- 11- 30","181,500","181,500","188,500","181,500","3.94M","0.28%"
"2020- 11- 29","181,000","181,000","181,000","181,000","","0.00%"
"2020- 11- 27","181,000","179,000","181,000","178,000","1.03M","1.12%"
"2020- 11- 26","179,000","179,500","181,000","178,000","0.96K","-0.28%"
"2020- 11- 25","179,500","183,500","184,000","178,000","0.42K","-0.83%"
"2020- 11- 24","181,000","181,000","183,000","179,500","1.50M","1.12%"
"2020- 11- 23","179,000","175,500","179,500","175,000","0.07K","1.13%"
"2020- 11- 22","177,000","177,000","177,000","177,000","","0.00%"
"2020- 11- 20","177,000","179,000","179,500","177,000","1.26M","-1.67%"
"2020- 11- 19","180,000","179,000","181,500","177,500","0.89K","0.28%"
"2020- 11- 18","179,500","183,500","185,500","179,000","1.85K","-1.64%"
"2020- 11- 17","182,500","179,500","185,000","178,000","2.56K","1.96%"
"2020- 11- 16","179,000","182,500","183,500","178,000","0.08K","0.85%"
"2020- 11- 15","177,500","177,500","177,500","177,500","","0.00%"
"2020- 11- 13","177,500","174,000","178,500","173,500","2.39M","2.01%"
"2020- 11- 12","174,000","175,500","177,000","173,500","1.23K","-0.85%"
"2020- 11- 11","175,500","174,500","179,000","173,000","2.27K","1.15%"
"2020- 11- 10","173,500","174,500","174,500","172,000","1.04K","0.58%"
"2020- 11- 09","172,500","172,500","174,500","172,000","1.51M","1.17%"
"2020- 11- 08","170,500","170,500","170,500","170,500","","0.00%"
"2020- 11- 06","170,500","176,500","177,000","169,500","2.22M","-2.57%"
"2020- 11- 05","175,000","173,000","175,000","173,000","0.53K","2.04%"
"2020- 11- 04","171,500","172,500","175,000","170,500","0.68K","0.59%"
"2020- 11- 03","170,500","171,000","172,000","169,000","994.03K","0.00%"
"2020- 11- 02","170,500","166,000","170,500","166,000","1.05M","3.65%"
"2020- 11- 01","164,500","164,500","164,500","164,500","","0.00%"
"2020- 10- 30","164,500","169,000","169,500","164,500","1.44M","-3.24%"
"2020- 10- 29","170,000","169,000","171,000","168,000","2.38K","-2.02%"
"2020- 10- 28","173,500","172,000","174,000","169,500","0.01K","0.58%"
"2020- 10- 27","172,500","173,500","178,000","171,000","0.26K","0.58%"
"2020- 10- 26","171,500","167,000","174,000","164,000","4.48K","2.69%"
"2020- 10- 25","167,000","167,000","167,000","167,000","","0.00%"
"2020- 10- 23","167,000","163,500","168,000","163,000","1.88M","2.77%"
"2020- 10- 22","162,500","163,000","163,500","161,000","0.54K","-1.81%"
"2020- 10- 21","165,500","166,500","167,500","163,500","0.18K","-1.19%"
"2020- 10- 20","167,500","157,500","168,500","157,000","0.35K","-0.30%"
"2020- 10- 19","168,000","170,000","172,000","167,500","0.33K","-2.33%"
"2020- 10- 18","172,000","172,000","172,000","172,000","","0.00%"
"2020- 10- 16","172,000","176,500","177,500","169,000","3.18M","-2.27%"
"2020- 10- 15","176,000","177,000","178,500","175,000","0.83K","-1.12%"
"2020- 10- 14","178,000","181,000","183,500","177,000","0.97K","-0.56%"
"2020- 10- 13","179,000","181,000","181,000","176,500","0.21K","-0.56%"
"2020- 10- 12","180,000","178,000","181,500","176,500","0.19K","-0.28%"
"2020- 10- 11","180,500","180,500","180,500","180,500","","0.00%"
"2020- 10- 08","180,500","185,500","186,000","180,000","1.71M","-1.37%"
"2020- 10- 07","183,000","180,500","183,500","178,500","0.01K","0.27%"
"2020- 10- 06","182,500","188,000","188,500","181,500","0.42K","-2.41%"
"2020- 10- 05","187,000","183,000","187,000","181,500","0.06K","4.76%"
"2020- 10- 04","178,500","178,500","178,500","178,500","","0.00%"
"2020- 09- 29","178,500","178,500","180,000","177,500","1.40M","1.71%"
"2020- 09- 28","175,500","173,000","176,000","172,000","0.07K","3.24%"
"2020- 09- 27","170,000","170,000","170,000","170,000","","0.00%"
"2020- 09- 25","170,000","172,500","174,000","166,000","2.06M","-0.87%"
"2020- 09- 24","171,500","174,000","175,500","171,000","1.26K","-4.46%"
"2020- 09- 23","179,500","183,000","183,000","170,500","0.66K","0.00%"
"2020- 09- 22","179,500","185,000","186,000","178,000","0.01K","-2.97%"
"2020- 09- 21","185,000","181,000","188,500","181,000","3.23K","2.21%"
"2020- 09- 20","181,000","181,000","181,000","181,000","","0.00%"
"2020- 09- 18","181,000","184,000","186,000","179,000","2.56M","-1.63%"
"2020- 09- 17","184,000","186,000","191,000","183,000","1.41K","0.27%"
"2020- 09- 16","183,500","180,000","186,000","177,500","0.05K","2.51%"
"2020- 09- 15","179,000","183,500","185,000","178,500","0.25K","-0.56%"
"2020- 09- 14","180,000","174,500","180,000","174,000","0.03K","4.96%"
"2020- 09- 13","171,500","171,500","171,500","171,500","","0.00%"
"2020- 09- 11","171,500","167,500","171,500","167,500","1.52M","1.48%"
"2020- 09- 10","169,000","170,500","171,500","168,000","1.82K","0.90%"
"2020- 09- 09","167,500","167,000","172,000","166,000","0.09K","-0.30%"
"2020- 09- 08","168,000","171,500","172,500","168,000","11.60K","-1.18%"
"2020- 09- 07","170,000","173,000","173,000","169,000","1.64K","-1.45%"
"2020- 09- 06","172,500","172,500","172,500","172,500","","0.00%"
"2020- 09- 04","172,500","167,500","174,000","167,500","2.87M","-2.27%"
"2020- 09- 03","176,500","177,500","177,500","174,000","0.92K","0.28%"
"2020- 09- 02","176,000","177,500","178,500","173,500","1.52K","-2.22%"
"2020- 09- 01","180,000","178,500","180,500","176,000","0.41K","1.98%"
"2020- 08- 31","176,500","177,000","182,000","175,000","0.09K","2.62%"
"2020- 08- 30","172,000","172,000","172,000","172,000","","0.00%"
"2020- 08- 28","172,000","165,500","176,500","164,500","5.53M","5.20%"
"2020- 08- 27","163,500","169,000","169,000","163,500","1.27K","-2.39%"
"2020- 08- 26","167,500","166,500","169,500","163,500","1.22K","0.90%"
"2020- 08- 25","166,000","167,500","170,500","165,000","0.41K","2.79%"
"2020- 08- 24","161,500","157,500","163,000","152,500","0.11K","3.53%"
"2020- 08- 23","156,000","156,000","156,000","156,000","","0.00%"
"2020- 08- 21","156,000","158,000","161,500","154,000","3.33M","0.65%"
"2020- 08- 20","155,000","163,000","165,500","154,000","8.08K","-5.78%"
"2020- 08- 19","164,500","158,000","165,500","158,000","7.74K","4.11%"
"2020- 08- 18","158,000","163,500","167,500","155,500","4.28K","-5.39%"
"2020- 08- 17","167,000","167,000","167,000","167,000","","0.00%"
"2020- 08- 14","167,000","171,000","172,000","161,000","4.42M","-1.76%"
"2020- 08- 13","170,000","175,000","177,500","167,000","1.04K","-1.16%"
"2020- 08- 12","172,000","174,000","178,000","170,500","0.73K","-3.91%"
"2020- 08- 11","179,000","172,000","180,500","164,500","4.10K","5.29%"
"2020- 08- 10","170,000","151,500","172,000","151,500","0.84K","15.65%"
"2020- 08- 09","147,000","147,000","147,000","147,000","","0.00%"
"2020- 08- 07","147,000","145,500","149,500","144,500","3.19M","1.73%"
"2020- 08- 06","144,500","136,500","145,500","136,500","0.87K","7.84%"
"2020- 08- 05","134,000","133,000","135,500","132,000","0.11K","1.13%"
"2020- 08- 04","132,500","129,500","134,000","129,000","0.31K","4.33%"
"2020- 08- 03","127,000","126,500","128,500","123,500","1.86M","0.40%"
"2020- 08- 02","126,500","126,500","126,500","126,500","","0.00%"
"2020- 07- 31","126,500","128,000","129,500","125,000","1.71M","-0.78%"
"2020- 07- 30","127,500","127,000","130,500","126,000","4.39K","2.00%"
"2020- 07- 29","125,000","122,000","125,500","120,000","0.01K","1.63%"
"2020- 07- 28","123,000","125,000","125,500","122,000","2.52K","-0.40%"
"2020- 07- 27","123,500","122,500","126,500","122,500","1.08K","0.82%"
"2020- 07- 26","122,500","122,500","122,500","122,500","","0.00%"
"2020- 07- 24","122,500","123,500","129,000","121,500","3.89M","-1.61%"
"2020- 07- 23","124,500","118,500","125,500","116,000","4.48M","5.06%"
"2020- 07- 22","118,500","122,000","124,000","118,500","1.63K","-2.47%"
"2020- 07- 21","121,500","122,000","124,500","118,000","0.13K","0.00%"
"2020- 07- 20","121,500","119,000","125,000","118,000","11.90K","3.40%"
"2020- 07- 19","117,500","117,500","117,500","117,500","","0.00%"
"2020- 07- 17","117,500","109,500","119,000","109,500","4.21M","6.82%"
"2020- 07- 16","110,000","110,500","113,000","109,000","1.29K","0.92%"
"2020- 07- 15","109,000","104,500","110,000","104,000","0.06K","7.39%"
"2020- 07- 14","101,500","101,500","102,000","99,900","1.04M","0.00%"
"2020- 07- 13","101,500","101,000","101,500","100,000","4.25K","3.26%"
"2020- 07- 10","98,300","99,400","99,500","98,000","1.09M","-1.31%"
"2020- 07- 09","99,600","100,000","101,000","99,600","2.14K","0.00%"
"2020- 07- 08","99,600","99,200","101,000","99,100","0.31K","0.40%"
"2020- 07- 07","99,200","103,000","103,500","99,200","2.11K","-2.27%"
"2020- 07- 06","101,500","99,700","102,500","98,800","0.08K","2.32%"
"2020- 07- 05","99,200","99,200","99,200","99,200","","0.00%"
"2020- 07- 03","99,200","99,900","100,500","98,600","566.56K","0.20%"
"2020- 07- 02","99,000","98,300","99,700","98,300","0.00K","0.81%"
"2020- 07- 01","98,200","98,700","99,500","98,000","0.40K","0.51%"
"2020- 06- 30","97,700","99,100","99,300","97,700","0.12K","0.00%"
"2020- 06- 29","97,700","97,700","98,700","97,600","939.17K","-2.30%"
"2020- 06- 28","100,000","100,000","100,000","100,000","","0.00%"
"2020- 06- 26","100,000","100,500","101,000","99,500","668.02K","0.60%"
"2020- 06- 25","99,400","100,500","101,000","99,400","0.02K","-3.50%"
"2020- 06- 24","103,000","100,500","103,500","99,900","0.12K","4.36%"
"2020- 06- 23","98,700","99,200","101,000","98,000","0.01K","0.20%"
"2020- 06- 22","98,500","99,100","100,000","98,500","0.01K","-1.50%"
"2020- 06- 21","100,000","100,000","100,000","100,000","","0.00%"
"2020- 06- 19","100,000","101,000","101,500","99,100","871.40K","0.00%"
"2020- 06- 18","100,000","99,100","102,000","98,400","0.59K","-0.50%"
"2020- 06- 17","100,500","100,000","100,500","99,400","0.20K","-0.99%"
"2020- 06- 16","101,500","99,100","101,500","99,100","1.36M","4.64%"
"2020- 06- 15","97,000","102,000","102,500","97,000","0.27K","-6.28%"
"2020- 06- 14","103,500","103,500","103,500","103,500","","0.00%"
"2020- 06- 12","103,500","101,500","105,000","101,500","1.95M","-4.61%"
"2020- 06- 11","108,500","110,500","111,000","107,000","0.25K","-2.69%"
"2020- 06- 10","111,500","111,000","112,000","109,000","1.99K","-0.45%"
"2020- 06- 09","112,000","114,000","115,000","110,500","1.01K","-0.88%"
"2020- 06- 08","113,000","114,000","114,500","111,500","0.00K","1.80%"
"2020- 06- 07","111,000","111,000","111,000","111,000","","0.00%"
"2020- 06- 05","111,000","108,000","112,000","106,500","2.01M","2.30%"
"2020- 06- 04","108,500","111,500","113,000","105,000","0.01K","0.00%"
"2020- 06- 03","108,500","105,500","110,000","105,500","0.17K","5.85%"
"2020- 06- 02","102,500","99,500","103,000","98,700","0.20K","2.50%"
"2020- 06- 01","100,000","98,000","101,500","98,000","1.89M","2.04%"
"2020- 05- 31","98,000","98,000","98,000","98,000","","0.00%"
"2020- 05- 29","98,000","96,300","99,200","96,300","1.98M","0.82%"
"2020- 05- 28","97,200","99,600","99,600","96,200","0.26K","-0.92%"
"2020- 05- 27","98,100","98,800","99,400","97,300","0.23K","0.31%"
"2020- 05- 26","97,800","95,900","99,500","95,600","0.53K","1.88%"
"2020- 05- 25","96,000","94,900","96,200","94,000","0.23K","1.59%"
"2020- 05- 24","94,500","94,500","94,500","94,500","","0.00%"
"2020- 05- 22","94,500","97,100","97,200","94,000","1.61M","-2.78%"
"2020- 05- 21","97,200","98,600","98,700","96,600","1.46M","-0.10%"
"2020- 05- 20","97,300","98,100","98,100","96,400","0.09K","-1.82%"
"2020- 05- 19","99,100","95,100","99,300","94,700","0.73K","7.83%"
"2020- 05- 18","91,900","92,200","92,200","91,000","0.07K","-0.43%"
"2020- 05- 17","92,300","92,300","92,300","92,300","","0.00%"
"2020- 05- 15","92,300","92,000","92,700","91,200","819.54K","0.00%"
"2020- 05- 14","92,300","92,500","92,900","91,500","0.28K","-0.86%"
"2020- 05- 13","93,100","90,800","93,100","90,500","1.71K","1.31%"
"2020- 05- 12","91,900","93,200","93,800","91,100","1.25M","-1.92%"
"2020- 05- 11","93,700","95,800","96,500","93,500","1.68M","-0.85%"
"2020- 05- 10","94,500","94,500","94,500","94,500","","0.00%"
"2020- 05- 08","94,500","93,000","95,400","93,000","1.74M","2.05%"
"2020- 05- 07","92,600","92,800","93,000","91,800","823.24K","-0.64%"
"2020- 05- 06","93,200","93,300","94,200","92,600","1.03M","1.86%"
"2020- 05- 05","91,500","91,500","91,500","91,500","","0.00%"
"2020- 05- 04","91,500","91,100","92,900","90,700","1.26M","-2.24%"
"2020- 05- 03","93,600","93,600","93,600","93,600","","0.00%"
"2020- 04- 29","93,600","93,500","94,000","92,400","1.18M","0.43%"
"2020- 04- 28","93,200","92,500","94,400","92,200","1.44M","1.75%"
"2020- 04- 27","91,600","90,300","92,500","90,200","1.21M","1.66%"
"2020- 04- 26","90,100","90,100","90,100","90,100","","0.00%"
"2020- 04- 24","90,100","91,300","92,300","90,100","1.85M","-2.49%"
"2020- 04- 23","92,400","93,700","95,100","92,100","3.15M","-0.22%"
"2020- 04- 22","92,600","90,800","95,200","89,400","3.10M","-0.96%"
"2020- 04- 21","93,500","96,100","96,500","91,300","3.62M","-4.20%"
"2020- 04- 20","97,600","100,000","100,500","97,100","2.13M","-2.89%"
"2020- 04- 19","100,500","100,500","100,500","100,500","","0.00%"
"2020- 04- 17","100,500","101,000","103,500","100,000","1.48M","1.41%"
"2020- 04- 16","99,100","98,900","100,500","98,300","1.34M","-0.90%"
"2020- 04- 15","100,000","100,000","100,000","100,000","","0.00%"
"2020- 04- 14","100,000","98,600","101,500","97,700","1.58M","2.25%"
"2020- 04- 13","97,800","98,800","99,000","97,400","1.33M","-1.91%"
"2020- 04- 12","99,700","99,700","99,700","99,700","","0.00%"
"2020- 04- 10","99,700","97,400","101,500","96,200","2.80M","2.68%"
"2020- 04- 09","97,100","92,300","97,900","91,100","3.76M","7.89%"
"2020- 04- 08","90,000","89,800","91,900","88,900","1.78M","-0.44%"
"2020- 04- 07","90,400","92,100","92,500","88,600","2.58M","1.80%"
"2020- 04- 06","88,800","86,500","88,800","85,900","1.67M","2.90%"
"2020- 04- 05","86,300","86,300","86,300","86,300","","0.00%"
"2020- 04- 03","86,300","86,600","87,000","85,600","1.16M","-0.35%"
"2020- 04- 02","86,600","85,300","86,800","83,000","1.48M","1.41%"
"2020- 04- 01","85,400","88,500","90,100","85,300","2.11M","-3.72%"
"2020- 03- 31","88,700","87,700","88,700","86,000","2.11M","3.86%"
"2020- 03- 30","85,400","82,800","86,400","82,100","1.73M","-1.16%"
"2020- 03- 29","86,400","86,400","86,400","86,400","","0.00%"
"2020- 03- 27","86,400","89,700","90,000","84,500","2.50M","1.77%"
"2020- 03- 26","84,900","85,500","90,200","82,600","0.33K","0.47%"
"2020- 03- 25","84,500","79,800","85,500","78,900","0.96K","12.97%"
"2020- 03- 24","74,800","71,400","75,700","70,000","0.02K","8.56%"
"2020- 03- 23","68,900","67,200","71,000","66,300","1.17K","-3.09%"
"2020- 03- 22","71,100","71,100","71,100","71,100","","0.00%"
"2020- 03- 20","71,100","67,500","72,400","65,000","3.32M","7.89%"
"2020- 03- 19","65,900","75,200","75,900","65,100","0.13K","-10.34%"
"2020- 03- 18","73,500","80,500","81,200","73,500","2.66M","-8.24%"
"2020- 03- 17","80,100","78,100","83,400","78,100","2.37M","-3.38%"
"2020- 03- 16","82,900","88,300","89,500","82,900","2.66M","-4.93%"
"2020- 03- 15","87,200","87,200","87,200","87,200","","0.00%"
"2020- 03- 13","87,200","86,500","90,200","83,500","4.77M","-8.21%"
"2020- 03- 12","95,000","100,000","100,500","94,500","2.31M","-5.00%"
"2020- 03- 11","100,000","103,000","103,000","99,700","1.72M","-1.96%"
"2020- 03- 10","102,000","102,500","105,000","101,000","2.08M","-1.92%"
"2020- 03- 09","104,000","108,000","108,000","103,500","1.65M","-5.88%"
"2020- 03- 08","110,500","110,500","110,500","110,500","","0.00%"
"2020- 03- 06","110,500","113,000","113,500","110,000","1.38M","-3.07%"
"2020- 03- 05","114,000","115,500","116,000","113,000","1.13M","0.88%"
"2020- 03- 04","113,000","112,000","114,000","112,000","1.31M","0.44%"
"2020- 03- 03","112,500","116,000","116,500","112,000","1.36M","-0.88%"
"2020- 03- 02","113,500","116,000","116,000","113,000","1.18M","-1.30%"
"2020- 03- 01","115,000","115,000","115,000","115,000","","0.00%"
"2020- 02- 28","115,000","118,500","119,000","114,000","1.77M","-4.96%"
"2020- 02- 27","121,000","122,500","123,500","120,000","776.62K","-1.22%"
"2020- 02- 26","122,500","121,000","124,000","120,000","1.00M","0.00%"
"2020- 02- 25","122,500","122,500","124,500","122,000","793.86K","0.00%"
"2020- 02- 24","122,500","124,500","125,000","122,000","909.40K","-4.30%"
"2020- 02- 23","128,000","128,000","128,000","128,000","","0.00%"
"2020- 02- 21","128,000","128,000","129,500","127,000","628.97K","-1.54%"
"2020- 02- 20","130,000","132,500","133,000","129,000","709.44K","-1.14%"
"2020- 02- 19","131,500","133,000","134,000","130,500","775.62K","-0.75%"
"2020- 02- 18","132,500","134,000","134,500","131,000","743.67K","-2.21%"
"2020- 02- 17","135,500","133,500","136,000","132,500","524.94K","1.50%"
"2020- 02- 16","133,500","133,500","133,500","133,500","","0.00%"
"2020- 02- 14","133,500","132,500","135,000","131,500","449.54K","0.38%"
"2020- 02- 13","133,000","137,000","137,500","133,000","1.03M","-2.21%"
"2020- 02- 12","136,000","132,500","137,500","132,500","1.37M","2.64%"
"2020- 02- 11","132,500","131,000","135,000","130,500","948.65K","1.92%"
"2020- 02- 10","130,000","129,500","132,000","129,000","668.16K","-0.76%"
"2020- 02- 09","131,000","131,000","131,000","131,000","","0.00%"
"2020- 02- 07","131,000","130,500","131,000","127,500","996.60K","-0.76%"
"2020- 02- 06","132,000","125,500","133,000","125,500","1.66M","6.45%"
"2020- 02- 05","124,000","125,000","126,000","123,500","962.74K","0.00%"
"2020- 02- 04","124,000","123,500","126,000","122,500","1.20M","0.40%"
"2020- 02- 03","123,500","123,000","125,000","121,000","1.26M","-1.20%"
"2020- 02- 02","125,000","125,000","125,000","125,000","","0.00%"
"2020- 01- 31","125,000","128,500","129,500","124,500","1.03M","-1.96%"
"2020- 01- 30","127,500","130,000","130,500","126,500","1.03M","-2.67%"
"2020- 01- 29","131,000","132,000","133,000","129,000","1.32M","0.00%"
"2020- 01- 28","131,000","127,000","132,500","127,000","1.65M","0.38%"
"2020- 01- 27","130,500","130,500","130,500","130,500","","0.00%"
"2020- 01- 23","130,500","130,000","131,500","128,000","2.25M","2.76%"
"2020- 01- 22","127,000","117,500","127,000","117,500","2.60M","8.55%"
"2020- 01- 21","117,000","118,000","118,500","116,500","544.83K","-0.85%"
"2020- 01- 20","118,000","119,500","119,500","117,500","445.23K","-0.42%"
"2020- 01- 19","118,500","118,500","118,500","118,500","","0.00%"
"2020- 01- 17","118,500","118,500","120,000","118,000","573.46K","0.00%"
"2020- 01- 16","118,500","117,000","120,000","116,500","1.59M","3.04%"
"2020- 01- 15","115,000","116,000","116,000","114,000","562.97K","-0.86%"
"2020- 01- 14","116,000","115,500","117,000","115,500","739.64K","0.87%"
"2020- 01- 13","115,000","113,500","115,500","113,000","686.42K","1.32%"
"2020- 01- 12","113,500","113,500","113,500","113,500","","0.00%"
"2020- 01- 10","113,500","112,500","114,500","112,000","895.31K","1.79%"
"2020- 01- 09","111,500","113,000","114,500","110,000","1.37M","-0.45%"
"2020- 01- 08","112,000","115,000","115,500","111,500","1.03M","-3.03%"
"2020- 01- 07","115,500","116,500","117,000","115,500","642.10K","-0.43%"
"2020- 01- 06","116,000","116,000","117,000","115,500","332.98K","0.00%"
"2020- 01- 05","116,000","116,000","116,000","116,000","","0.00%"
"2020- 01- 03","116,000","118,500","119,000","115,000","1.14M","-1.69%"
"2020- 01- 02","118,000","121,000","121,000","118,000","551.70K","-2.07%"